point[#],X[0.0-1.0],P[kbar],T[°C],phase,mode[mol%],mode[wt%],mode[vol%],log10(fO2),log10(dQFM),aH2O,aSiO2,aTiO2,aAl2O3,aMgO,aFeO,meltViscosity[Pa.s],density[kg/m3],volume[cm3/mol],heatCapacity[J/kg/K],alpha[1/K],Entropy[kJ/K],Enthalpy[kJ/mol],Vp[km/s],Vs[km/s],Vp_S[km/s],Vs_S[km/s],BulkMod[GPa],ShearMod[GPa],SiO2[mol%],Al2O3[mol%],CaO[mol%],MgO[mol%],FeO[mol%],K2O[mol%],Na2O[mol%],TiO2[mol%],O[mol%],Cr2O3[mol%],H2O[mol%],SiO2[wt%],Al2O3[wt%],CaO[wt%],MgO[wt%],FeO[wt%],K2O[wt%],Na2O[wt%],TiO2[wt%],O[wt%],Cr2O3[wt%],H2O[wt%]
1,1.0,3.0,1280.0,system,100.0,100.0,100.0,12.117671479867598,19.502256931793557,0.001508329648785891,0.39537607749829173,0.11631638045740411,0.15751187932623537,0.1481621409877747,0.07796668725464546,2.4386354953213605,2766.9573404395755,0.0036190393289982064,[1494.806288918176],[7.0159804005392e-6],[0.1596632833566375],[-747.6774216741584],3.2578412104324266,0.7288578963129642,7.474898853762708,4.327357959725216,27.40731447789365,1.4699013537583419,46.70692875618488,9.259129985841247,13.410893443199932,19.442406573792404,7.595909311281535,0.10038469297087489,2.258727650353431,0.8034103220558803,0.0,0.0371862276360187,0.38502303668380816,46.3229,15.584199999999997,12.415100000000004,12.934200000000004,9.009299999999998,0.15610000000000004,2.3110000000000004,1.0593999999999997,0.0,0.09329999999999998,0.11449999999999999
1,1.0,3.0,1280.0,liq,93.02741446259355,94.31846292423658,95.11695235040152,-,-,-,-,-,-,-,-,,2739.9679657242195,65.36018487852557,1489.3782991368691,7.218426111044321e-6,0.1607402717546455,-747.5021112361779,3.0278101963141313,2.0341515130552834e-9,-,-,25.119025084101914,1.1337363765356897e-17,47.708872353685564,9.952771904542804,14.392818865556922,16.49936264709696,7.592845287751164,0.10790681814979414,2.427974552764941,0.8636034892900104,0.0,0.039972525013327494,0.4138715561485285,46.66861694364407,16.522270674773036,13.141644645063932,10.82600115547508,8.882335599196692,0.16549910299245915,2.4501437056515063,1.123177252904311,0.0,0.09891734536287027,0.1213935749360352
1,1.0,3.0,1280.0,ol,6.972585537406452,5.681537075763418,4.883047649598487,-,-,-,-,-,-,-,-,,3215.004462986357,46.060648710527985,1523.7406336040374,4.314973590898929e-6,0.14529423108249875,-745.7614206603992,7.474898853762708,4.327357959725215,-,-,99.3631754622089,60.20426009478755,33.33333333333333,0.0,0.3025281682140989,58.69168806257118,7.672450435881389,0.0,0.0,0.0,0.0,0.0,0.0,40.57124113785118,0.0,0.34370309831377777,47.917182201589675,11.16787356224537,0.0,0.0,0.0,0.0,0.0,0.0
2,1.0,2.967741935483871,1275.806451612903,system,100.0,100.0,100.0,12.113805618030794,19.54326847280746,0.0015357455260006589,0.39701524153511947,0.11793238105606645,0.15929427551137734,0.14678892227592213,0.07836267283177484,2.6050600086691706,2744.8389487877207,0.003644251333037623,[1504.3735395377198],[7.177821445684197e-6],[0.16195309126817045],[-755.7431123989769],3.0734001313560815,0.32468064408535063,7.475890558649979,4.326733039655885,25.54136232416937,0.2893541165474013,47.56511696348204,9.853244185497372,14.251915958583492,16.9212859012517,7.593641339232467,0.10682774996829622,2.403694807237291,0.8549674543971103,0.0,0.03957279976319421,0.4097328405870432,46.61951681683374,16.38922235838824,13.038587104759502,11.124684023468769,8.90074027153277,0.16416639410215153,2.430413518357367,1.114132682370263,0.0,0.09812079708443792,0.12041603310276702
2,1.0,2.967741935483871,1275.806451612903,liq,98.60182308426091,98.87345697659549,99.03909700175878,-,-,-,-,-,-,-,-,,2739.4584996735275,65.32709118605511,1503.176853363546,7.218497056469327e-6,0.1621702977660963,-755.7048233859616,3.0265272595549053,2.033410947328713e-9,-,-,25.093076201643406,1.1327003647228943e-17,47.76652705095692,9.992660618787417,14.449156072713704,16.329281290368108,7.593565631941429,0.10834078180150364,2.4377342396696298,0.8670686520241878,0.0,0.04013311533957307,0.41553254639753306,46.68803510385837,16.57536005132538,13.182643075163519,10.705923183184932,8.876147895387767,0.1660331756072863,2.4580456019463623,1.1267914623626036,0.0,0.09923614721196473,0.12178430395183375
2,1.0,2.967741935483871,1275.806451612903,ol,1.3981769157390924,1.1265430234045046,0.9609029982412216,-,-,-,-,-,-,-,-,,3217.0655685924607,46.05748469089776,1545.4313948985314,4.309307931169769e-6,0.1466353182165996,-753.4800057127275,7.475890558649979,4.326733039655885,-,-,99.49777252638334,60.225458152803654,33.33333333333333,0.0,0.30410007410405915,58.60135454820895,7.761212044353654,0.0,0.0,0.0,0.0,0.0,0.0,40.54803334952643,0.0,0.34529131647410494,47.816064270385695,11.290611063613774,0.0,0.0,0.0,0.0,0.0,0.0
3,1.0,2.935483870967742,1271.6129032258063,system,100.0,100.0,100.0,12.10993287460549,19.584512587323253,0.0015637241667525968,0.39865768444738864,0.11957033721400152,0.1610771106276454,0.14542129200160409,0.07875991405532552,2.7847035185239157,2744.3432468839424,0.00364491770206491,[1502.6025455146832],[7.1768194089943215e-6],[0.16183226079461993],[-756.727561992763],3.0718952746058963,0.32419268625205894,7.474960297011351,4.326075064461186,25.512529157352155,0.2884329391719063,47.622195113780684,9.892734012599542,14.307705512727612,16.75200202294652,7.595242096065552,0.10725737398348859,2.4133568972729327,0.8583979655039461,0.0,0.03973178418617733,0.4113772209335577,46.6386024913012,16.44191328954971,13.079290688448078,11.004693655849811,8.895586525392101,0.1646964571551069,2.4382560936122464,1.1177197636855825,0.0,0.09843720574369347,0.12080382926246633
3,1.0,2.935483870967742,1271.6129032258063,ol,1.3946976169571286,1.1235036205780808,0.9575152387928874,-,-,-,-,-,-,-,-,,3219.148823837326,46.05437592483842,1538.933494174629,4.3064859704426746e-6,0.1465741106619322,-753.9963635427285,7.474960297011351,4.326075064461186,-,-,99.54186802331245,60.246130293555574,33.33333333333333,0.0,0.305672802972522,58.50976873313051,7.85122513056363,0.0,0.0,0.0,0.0,0.0,0.0,40.524528208033004,0.0,0.3468758802131196,47.71365937294812,11.414936538805753,0.0,0.0,0.0,0.0,0.0,0.0
3,1.0,2.935483870967742,1271.6129032258063,liq,98.60530238304287,98.87649637942192,99.0424847612071,-,-,-,-,-,-,-,-,,2738.9481752105817,65.29537035958117,1501.4517888831253,7.217418110178456e-6,0.16204807581789898,-756.6950646650631,3.025147681614519,2.0326951053339686e-9,-,-,25.06553488386843,1.131692135040551e-17,47.8239074386268,10.032362623859074,14.50521347706247,16.16040050511412,7.593899935607067,0.10877268133496719,2.447447665263212,0.8705172801825658,0.0,0.040292939236156455,0.41718545371356486,46.70742196556228,16.628151168829284,13.223397267288343,10.586882222592122,8.869569853260566,0.16656419604012526,2.4659025036454696,1.130384954665602,0.0,0.09955312097639246,0.12217274713980275
4,1.0,2.903225806451613,1267.4193548387098,system,100.0,100.0,100.0,12.106053227755703,19.625991275399173,0.0015922847875472395,0.40030337150423223,0.12123054688197425,0.1628593793629566,0.14405921947416706,0.079158502031365,2.9787595659049386,2743.8463721243384,0.003645586034727171,[1501.6967668260772],[7.1765959194499e-6],[0.16170982656647512],[-757.7107759821513],3.0704516721077644,0.32371334341773417,7.475015509179984,4.325384803384065,25.484716232614435,0.28752856325556253,47.67900169757386,9.932038997620483,14.363218070321574,16.583894187394282,7.596473187556632,0.10768495452161751,2.4229731886105794,0.8618121073807402,0.0,0.03989000984379489,0.4130135991764292,46.657654181028,16.494306681599312,13.11975066311328,10.885725695912592,8.8900581983195,0.16522347576500207,2.4460537872843724,1.121286180358492,0.0,0.09875179097319844,0.12118934564625265
4,1.0,2.903225806451613,1267.4193548387098,liq,98.60870363034022,98.87945618793385,99.04580627094936,-,-,-,-,-,-,-,-,,2738.436190288532,65.2650107120338,1500.551435871798,7.217199017632181e-6,0.16192425306178426,-757.6842747603799,3.023812737074823,2.032004054880977e-9,-,-,25.03873649908194,1.13071138790043e-17,47.88102879384935,10.071888856990803,14.561009950498496,15.992723337837015,7.593796556934615,0.10920260439871803,2.4571168978160665,0.8739502591000856,0.0,0.04045203308932658,0.4188307094854969,46.726794937757525,16.68066449620109,13.263926280592154,10.46887625422847,8.862542405771903,0.167092322184089,2.473716844527963,1.133959039764896,0.0,0.09986837070240721,0.12255904826951418
4,1.0,2.903225806451613,1267.4193548387098,ol,1.3912963696597855,1.1205438120661486,0.9541937290506415,-,-,-,-,-,-,-,-,,3221.2537095634525,46.051321467411874,1537.6955696233017,4.298834600983199e-6,0.1465122603343406,-754.505024429712,7.475015509179984,4.325384803384065,-,-,99.63526252713632,60.26628649962604,33.33333333333333,0.0,0.30724690055457893,58.41695867316224,7.942461092949841,0.0,0.0,0.0,0.0,0.0,0.0,40.500734113949974,0.0,0.3484574398287906,47.61000367109726,11.540804775123984,0.0,0.0,0.0,0.0,0.0,0.0
5,1.0,2.870967741935484,1263.2258064516127,system,100.0,100.0,100.0,12.102166655575248,19.667706559310528,0.0016214409492088825,0.40195197316788145,0.12291297659369364,0.16463961499512883,0.1427022704863924,0.07956042036573364,3.188483460012071,2743.351324755111,0.0036462522859885818,[1501.4202111858829],[7.176334288651196e-6],[0.1615859512059477],[-758.6928573412667],3.069073357657425,0.32323192657544997,7.47442978334459,4.3246547247255505,25.458042702746898,0.28662226935146146,47.73555183924421,9.971169968420897,14.418472319999061,16.41696569119027,7.5972832022947685,0.10811057835473088,2.432545728837906,0.865210756509085,0.0,0.04004751275843332,0.4146424023906421,46.67668921795091,16.546422842435238,13.159985943158942,10.76777839738374,8.884096365433553,0.1657476065903741,2.453809014103491,1.1248332320468977,0.0,0.0990646560035686,0.12157272489328329
5,1.0,2.870967741935484,1263.2258064516127,liq,98.61211565866476,98.88240677324382,99.04912197651575,-,-,-,-,-,-,-,-,,2737.925861672773,65.23608329785053,1500.296112365443,7.216855969472318e-6,0.16179897824735096,-758.6716747920306,3.0225536146405925,2.0313377318814655e-9,-,-,25.013226192365757,1.1297593782458298e-17,47.93784289513708,10.111199632714502,14.616487328627942,15.826172436403782,7.593488953592089,0.1096303134227603,2.4667359099575594,0.8773648990453856,0.0,0.040610292692008956,0.42046733840690653,46.74608606692116,16.732828290812414,13.304172337213634,10.351845511056911,8.855334698534758,0.16761713032392667,2.481481664965842,1.1375098191966213,0.0,0.10018160314876272,0.12294287782596623
5,1.0,2.870967741935484,1263.2258064516127,ol,1.3878843413352493,1.1175932267561828,0.9508780234842446,-,-,-,-,-,-,-,-,,3223.3854146163076,46.048332561345056,1535.2235553521368,4.297183226271183e-6,0.14644992969491313,-755.0049364878147,7.474429783344591,4.3246547247255505,-,-,99.70011436315481,60.28581211735421,33.333333333333336,0.0,0.3088228840672848,58.322633225469545,8.035210557129844,0.0,0.0,0.0,0.0,0.0,0.0,40.4765770537457,0.0,0.35003590055790307,47.504776536172315,11.668610509524093,0.0,0.0,0.0,0.0,0.0,0.0
6,1.0,2.838709677419355,1259.032258064516,system,100.0,100.0,100.0,12.098273136088032,19.709660483856144,0.0016512137452360002,0.4036035769601848,0.12461806198832763,0.1664170332223251,0.1413505849922509,0.07996496148270506,3.4153297304388484,2742.856501480888,0.003646918676908919,[1502.2413419686761],[7.176051481171541e-6],[0.16146044227081777],[-759.6727378868256],3.0677210550413276,0.32276227826733034,7.474714734532723,4.323887988566739,25.43179790370479,0.2857384153026723,47.79179779951903,10.010087636387354,14.47341068418233,16.25113704429444,7.597906169627463,0.10853401028853267,2.442068550857983,0.8685912500549317,0.0,0.04020418976508885,0.4162626650228375,46.695639518449426,16.598190405825267,13.199939059888733,10.650790313893474,8.877971248584405,0.16626842731196667,2.4615148406371166,1.1283570379962768,0.0,0.0993755087498871,0.12195363866346258
6,1.0,2.838709677419355,1259.032258064516,ol,1.3845787995982244,1.1147457793065296,0.9476480802850745,-,-,-,-,-,-,-,-,,3225.5417715344124,46.045404855664515,1539.7813255230815,4.291188114545487e-6,0.14638696876577634,-755.4960963884821,7.474714734532723,4.323887988566739,-,-,99.80906984405064,60.30475262857401,33.333333333333336,0.0,0.31040165206825093,58.22691202244813,8.129352992150295,0.0,0.0,0.0,0.0,0.0,0.0,40.452089332211266,0.0,0.3516125091687053,47.39811748044426,11.798180678175768,0.0,0.0,0.0,0.0,0.0,0.0
6,1.0,2.838709677419355,1259.032258064516,liq,98.61542120040177,98.88525422069347,99.05235191971492,-,-,-,-,-,-,-,-,,2737.4151303506205,65.20854712203011,1501.0846391723478,7.21655549777003e-6,0.1616720766338549,-759.6573534224189,3.0213039682136085,2.0306962288514076e-9,-,-,24.987885403364622,1.1288353159193378e-17,47.99438422818904,10.150318128570184,14.671692183811874,15.660775028397689,7.592837925563491,0.1100559954857673,2.4763090693448566,0.8807632096802391,0.0,0.04076779832769262,0.4220964326291582,46.76533989314727,16.784686265858262,13.344182070276133,10.235805954377387,8.847786802939073,0.16813895984088295,2.4892021492847567,1.1410402617038664,0.0,0.10049304830516015,0.1233245942671912
7,1.0,2.806451612903226,1254.838709677419,system,100.0,100.0,100.0,12.094372647248395,19.751855116669528,0.0016816208141391177,0.40525837005525045,0.1263462910582067,0.16819133322769791,0.1400043466680359,0.08037116486363553,3.6608906360608913,2742.3604546648066,0.003647587120223489,[1499.8687675643278],[7.176238136073926e-6],[0.1613333148579624],[-760.6512384842241],3.066238404729084,0.32230198296197204,7.474224428141272,4.323086418710763,25.403343790647348,0.2848724775770722,47.847773719240486,10.048814947284484,14.52807927849444,16.086436398338197,7.598203076229358,0.10895543553090965,2.451545978651408,0.8719555775834369,0.0,0.04036012034441569,0.4178754683028667,46.71454953872026,16.64965279044638,13.239656326119952,10.534778243773788,8.871522840211185,0.16678627515319622,2.4691764179784554,1.131860546951845,0.0,0.09968457769376825,0.12233244295117095
7,1.0,2.806451612903226,1254.838709677419,ol,1.381358202587283,1.1119834601838747,0.9444883218012361,-,-,-,-,-,-,-,-,,3227.721548159911,46.04253579102455,1540.6685313369342,4.290688784915794e-6,0.14632340133216648,-755.9790597265954,7.474224428141273,4.323086418710763,-,-,99.8826907698843,60.3231339131417,33.33333333333333,0.0,0.3119832870159952,58.129863499523346,8.224819880127317,0.0,0.0,0.0,0.0,0.0,0.0,40.42728983272302,0.0,0.35318747439866993,47.29010824092737,11.929414451950953,0.0,0.0,0.0,0.0,0.0,0.0
7,1.0,2.806451612903226,1254.838709677419,liq,98.61864179741272,98.88801653981612,99.05551167819876,-,-,-,-,-,-,-,-,,2736.902629469516,65.1823893531557,1498.6859391732983,7.2166562273449554e-6,0.16154355976492005,-760.6419767251782,3.0199293780060295,2.030079679858626e-9,-,-,24.96047931091716,1.1279387451776427e-17,48.05067730063983,10.189269325089223,14.72664462509761,15.496545189851773,7.591754553002085,0.11047978603559647,2.4858399935720707,0.8841465075304924,0.0,0.04092460433001012,0.4237181148513134,46.78458312316354,16.836282137640836,13.38397565908994,10.120763105967132,8.83979629921609,0.16865804179165475,2.496882291105416,1.1445522364568539,0.0,0.1008028545246646,0.12370425104387389
8,1.0,2.774193548387097,1250.6451612903224,system,100.0,100.0,100.0,12.090465166941433,19.79429254853523,0.0017126807551136655,0.4069164257060427,0.12809806271714683,0.16996187383313613,0.13866363392113476,0.08077859405605067,3.9269142826083963,2741.862526106753,0.00364825848446152,[1499.4913552707585],[7.17611762151936e-6],[0.16120460880854673],[-761.6289559726118],3.0648497285953504,0.3218490477683628,7.473676857634125,4.322250381321032,25.37645345856905,0.28402079130246216,47.903503860966765,10.087376631838332,14.582498011716794,15.92287837294849,7.598085206273336,0.1093749881752405,2.4609815936363497,0.8753050424551875,0.0,0.04051535828671002,0.41948093370280026,46.733445929642386,16.70085339800034,13.279157789803369,10.419748209907407,8.864648763018643,0.1673013796828028,2.4767977131118526,1.1353456155669888,0.0,0.09999201021659025,0.1227091910496256
8,1.0,2.774193548387097,1250.6451612903224,liq,98.6217948000687,98.89070798378154,99.05861361061388,-,-,-,-,-,-,-,-,,2736.3877624432926,65.15760465518332,1498.3219109436575,7.216478912452725e-6,0.16141346466032616,-761.6259852401656,3.018648601984647,2.0294881744103042e-9,-,-,24.934620334080666,1.1270694800774168e-17,48.1067343117333,10.228062116884821,14.781359483428444,15.333481749834752,7.590201265582733,0.11090174696581066,2.495330372373301,0.8875154888881971,0.0,0.04108073782343596,0.42533272648520826,46.803828718781745,16.88763232101059,13.423567943943318,10.00671216794185,8.831320490383021,0.1691744882257121,2.5045240466155074,1.1480467632319054,0.0,0.10111109909307699,0.12408196077326769
8,1.0,2.774193548387097,1250.6451612903224,ol,1.3782051999313076,1.1092920162184496,0.9413863893861235,-,-,-,-,-,-,-,-,,3229.924503302915,46.03972503989408,1539.0770565004868,4.287938885512119e-6,0.14625927341290826,-756.4541404643523,7.473676857634125,4.322250381321032,-,-,99.95555187121121,60.34095978117374,33.333333333333336,0.0,0.31356836525099696,58.03150002611416,8.321598275301517,0.0,0.0,0.0,0.0,0.0,0.0,40.40218301118296,0.0,0.35476144002867477,47.18076789151892,12.062287657269435,0.0,0.0,0.0,0.0,0.0,0.0
9,1.0,2.741935483870968,1246.4516129032259,system,100.0,100.0,100.0,12.086550672983362,19.83697489371082,0.0017444095324832991,0.4085775179948703,0.1298734597804503,0.1717274152567994,0.1373281426154918,0.08118861974278618,4.21527394528629,2741.364712215209,0.003648930079735969,[1497.0871983015468],[7.176413248507278e-6],[0.16107443395988907],[-762.6059965871248],3.0633510048320423,0.3213967817161604,7.473484159799458,4.321374300842025,25.347731438512525,0.28317171131979896,47.959000301949295,10.125781495715971,14.636681572246669,15.760461932597542,7.59751523567992,0.10979272949615253,2.4703770686495674,0.878640333999315,0.0,0.04066993044520159,0.4210793992203561,46.75234157572433,16.75180850617794,13.318458173613765,10.305695587594817,8.85730650653163,0.16781385199640544,2.4843806657149066,1.1388132550630647,0.0,0.10029788295124653,0.12308399463190561
9,1.0,2.741935483870968,1246.4516129032259,liq,98.62493530851876,98.89337205514504,99.06169510831913,-,-,-,-,-,-,-,-,,2735.8727194577286,65.13424598800151,1495.888712478938,7.216736919671507e-6,0.16128189253028333,-762.6088797952087,3.017249394896421,2.0289217044302683e-9,-,-,24.906821404677995,1.1262283748174006e-17,48.16252460759228,10.2666736794601,14.835794982195551,15.171529587547388,7.588334779039598,0.11132174604293614,2.50477660680475,0.8908684321902637,0.0,0.04123613573355255,0.4269394433935487,46.82303106092691,16.938694736613456,13.46291749285321,9.893609634135924,8.822539496808242,0.16968805371012574,2.5121231553698173,1.151521317907813,0.0,0.10141760062607297,0.12445745104843488
9,1.0,2.741935483870968,1246.4516129032259,ol,1.375064691481238,1.106627944854965,0.9383048916808804,-,-,-,-,-,-,-,-,,3232.154489949237,46.03698098657627,1540.241255699126,4.2842442584868235e-6,0.14619470632882722,-756.9205572682603,7.473484159799458,4.321374300842026,-,-,100.04788713693125,60.35814452859237,33.33333333333333,0.0,0.31515736042212145,57.931605127643074,8.419904178601477,0.0,0.0,0.0,0.0,0.0,0.0,40.37671453166715,0.0,0.3563344138800292,47.069861019699275,12.19709003475354,0.0,0.0,0.0,0.0,0.0,0.0
10,1.0,2.709677419354839,1242.2580645161288,system,100.0,100.0,100.0,12.08262914312189,19.879904290254363,0.001776826040784391,0.41024148591852266,0.13167265502856995,0.17348673928875086,0.13599767257444706,0.08160213258527933,4.528058474206485,2740.86793283229,0.0036496007123258236,[1496.505246384342],[7.176399357778329e-6],[0.16094275393907462],[-763.581548031952],3.061894637619728,0.32094871619813065,7.473020334361366,4.320455382609765,25.31973962580095,0.2823315389893452,48.01423269484972,10.164006942665502,14.690588605977823,15.59913034294835,7.5966504730352185,0.11020852858250683,2.479728840736704,0.8819597478683614,0.0,0.040823774376217044,0.42267004895961346,46.771190722489294,16.802476221147817,13.357516261081454,10.192575631992456,8.849677140634423,0.16832344710211572,2.4919210269170473,1.142260951221271,0.0,0.10060201505621737,0.123456582357897
10,1.0,2.709677419354839,1242.2580645161288,liq,98.62803214926346,98.89598316794006,99.06473472800124,-,-,-,-,-,-,-,-,,2735.3582798148923,65.11233416552886,1495.3024447662226,7.216709687844963e-6,0.16114881137610354,-763.5901553028241,3.0158952604946867,2.0283802890130265e-9,-,-,24.87979102648294,1.1254157322574243e-17,48.21803939199288,10.30509598105693,14.889939885870135,15.010659490850827,7.586213932293761,0.11173975096792105,2.514177745641332,0.8942048669620981,0.0,0.04139078157981302,0.4285381727843011,46.8421746626893,16.98945492764316,13.502013163948362,9.781431033449188,8.81352084249079,0.17019867690097837,2.519678484164885,1.1549752111607492,0.0,0.10172231140171185,0.1248306861508845
10,1.0,2.709677419354839,1242.2580645161288,ol,1.3719678507365525,1.1040168320599457,0.9352652719987569,-,-,-,-,-,-,-,-,,3234.4134443197154,46.03430802062407,1540.3579519713498,4.278570135595742e-6,0.1461296958102182,-757.3775676626204,7.473020334361365,4.320455382609765,-,-,100.12963441146056,60.374643952292594,33.33333333333333,0.0,0.3167510131168978,57.83006902676494,8.519846626784823,0.0,0.0,0.0,0.0,0.0,0.0,40.3508577570081,0.0,0.35790693984057426,46.957272024912385,12.333963278238956,0.0,0.0,0.0,0.0,0.0,0.0
11,1.0,2.6774193548387095,1238.0645161290322,system,100.0,100.0,100.0,12.07870055503662,19.923082900355382,0.001810048101809902,0.41193274391304047,0.13350539564627148,0.175203989879436,0.13466874335263976,0.08201430403712173,4.86931464252342,2740.38825746338,0.0036502648727093985,[1495.6686731366017],[7.175845984726786e-6],[0.16080902691348473],[-764.5561256085472],3.06065607799753,0.3209965969154028,7.473643157744218,4.320141831296697,25.294415387710643,0.28236635932271,48.069192331406285,10.20204502124636,14.744207997142603,15.43885358620997,7.595550259238672,0.11062235345824184,2.4890359681849183,0.8852628182924772,0.0,0.04097687376401488,0.4242527910564581,46.7899777520157,16.852842114844695,13.3963209371733,10.080363296292342,8.841828845631026,0.16883010327192172,2.4994176596395814,1.1456880143094577,0.0,0.10090435866902361,0.12382691815295496
11,1.0,2.6774193548387095,1238.0645161290322,liq,98.62938323968757,98.89582047710945,99.06593175921546,-,-,-,-,-,-,-,-,,2734.8230405665713,65.09296014406095,1494.5077045576732,7.2161590862721895e-6,0.16101385125708456,-764.5722568228516,3.014624875193766,2.027904598166455e-9,-,-,24.853970981996824,1.124667822963518e-17,48.274380568898415,10.342768554600411,14.944112126840453,14.850755803746225,7.583455021102477,0.11215787891550597,2.5235819083784303,0.8975416438340554,0.0,0.04110905503709961,0.43013743864691023,46.86283596589148,17.03917511489145,13.541290513797573,9.670201777779887,8.803914593109498,0.17071143907310635,2.527265741422816,1.1584428069741404,0.0,0.10095653629244314,0.12520551076761233
11,1.0,2.6774193548387095,1238.0645161290322,spl,0.0023755574500392645,0.0032642662578747637,0.002257714225488667,-,-,-,-,-,-,-,-,,3960.8849448701694,42.84306486369478,896.608464441292,3.1791063917608268e-6,0.149414832832793,-732.2028961617352,8.361213466027381,4.737674503893542,-,-,158.36599391988443,88.90427951409684,0.0,31.8389393549729,0.0,35.282604487039535,14.73768621822496,0.0,0.0,0.040581410528988573,0.0,18.100188529233613,0.0,0.0,38.2755935483856,0.0,16.764831704657883,12.48503010048165,0.0,0.0,0.038220706443006805,0.0,32.43632394003185,0.0
11,1.0,2.6774193548387095,1238.0645161290322,ol,1.368241202862386,1.1009152566326725,0.9318105265590635,-,-,-,-,-,-,-,-,,3236.6959084806276,46.031701469522446,1537.715988830153,4.276823612729804e-6,0.14606408934189047,-757.826288470534,7.472146057003939,4.3195006901122825,-,-,100.19359979773097,60.39055130207238,33.33333333333333,0.0,0.31837639322412065,57.72715934660398,8.621130926838559,0.0,0.0,0.0,0.0,0.0,0.0,40.32468626407842,0.0,0.359510178999736,46.843308485153734,12.472495071768112,0.0,0.0,0.0,0.0,0.0,0.0
12,1.0,2.6451612903225805,1233.8709677419356,system,100.0,100.0,100.0,12.074764886339468,19.96651291067508,0.0018441711849007498,0.4136692782087636,0.1353793289673975,0.17684956029912868,0.13333848759210618,0.08242363966144509,5.2433599664994,2739.9271315322526,0.003650927604651557,[1495.9683592984784],[7.176463987706027e-6],[0.16067339206571468],[-765.5316774822328],3.059674178624441,0.3216256938893685,7.4772852489884105,4.320762918508056,25.272216464093347,0.2834265205580542,48.12439236211964,10.239892702592247,14.797849251394235,15.279130829416179,7.593937792496121,0.1110363001263509,2.498346089294646,0.888566930754049,0.0,0.041011677546081066,0.4258360642604412,46.809242896738965,16.902917299037263,13.435166023926959,9.968736798103924,8.833447688522227,0.16933717828710906,2.5069207532773854,1.149118023282306,0.0,0.10091575713572105,0.12419758168814973
12,1.0,2.6451612903225805,1233.8709677419356,liq,98.62949552356268,98.89261793759876,99.06531725885634,-,-,-,-,-,-,-,-,,2734.255018666856,65.07702799082023,1494.8464253734248,7.216925263977051e-6,0.16087703213085908,-765.5564930429468,3.013435762862511,2.0275255228614066e-9,-,-,24.829209567180815,1.1240138891138004e-17,48.332332644712885,10.379199279685633,14.998462169196127,14.69165025101632,7.58007016675738,0.112577413969275,2.5330178359038173,0.900887684294825,0.0,0.0400606123404301,0.43174194212331873,46.88613724458441,17.087182261981376,13.580992570194757,9.559879140273441,8.793803823306416,0.17122964080734193,2.5349336377503846,1.1619447572563018,0.0,0.0983126433025842,0.12558428054297124
12,1.0,2.6451612903225805,1233.8709677419356,ol,1.3621818216338721,1.095954057199542,0.9267820308966843,-,-,-,-,-,-,-,-,,3239.004285886304,46.029172112769466,1540.3600969282522,4.271285605959497e-6,0.14599807461803785,-758.2667540584455,7.472020958391064,4.318506047034213,-,-,100.29610639876003,60.40579254473295,33.33333333333333,0.0,0.32005526917479593,57.62271114959826,8.723900247893608,0.0,0.0,0.0,0.0,0.0,0.0,40.29816192834696,0.0,0.3611682416773042,46.72779656608125,12.612873263894475,0.0,0.0,0.0,0.0,0.0,0.0
12,1.0,2.6451612903225805,1233.8709677419356,spl,0.008322654803444931,0.011428005201701853,0.007900710246968905,-,-,-,-,-,-,-,-,,3961.877776479019,42.83329764933141,896.1580381164217,3.1760473636737204e-6,0.1493228985182009,-732.9901495024529,8.361789274081001,4.73672362157824,-,-,158.4914299327459,88.89087146929364,0.0,31.930813436373047,0.0,35.13051520869136,14.889959587739432,0.0,0.0,0.0409495928615579,0.0,18.00776217433463,0.0,0.0,38.38531407377095,0.0,16.692248997945292,12.613789547816664,0.0,0.0,0.03856674032357026,0.0,32.270080640143526,0.0
13,1.0,2.6129032258064515,1229.6774193548385,system,100.0,100.0,100.0,12.070822114575098,20.01019653268818,0.0018790511640830764,0.4154067268562518,0.13727825810066654,0.1784853753304124,0.13201368991879356,0.08283719164968352,5.650318986744071,2739.434411571461,0.0036516200903202022,[1493.7758826049985],[7.176466487336956e-6],[0.16053643351258595],[-766.5053703920785],3.0584300884745343,0.3217004183841254,7.4784228969054976,4.32089169580569,25.246645052534173,0.2835072427744553,48.18031842014599,10.277346347595202,14.851658664217638,15.119594977687953,7.591882913506463,0.11145163982958224,2.507687657544779,0.8918812941954927,0.0,0.04075356257482128,0.42742452270208553,46.829586217022964,16.952413999440857,13.474221884557593,9.85748067044023,8.824640143749814,0.1698470843803999,2.514465868407303,1.1525661010650567,0.0,0.10020775330358606,0.12457027763220806
13,1.0,2.6129032258064515,1229.6774193548385,spl,0.012562426385119332,0.017237857744669932,0.01191189773884756,-,-,-,-,-,-,-,-,,3962.9331663261282,42.823740483471994,897.7336869986246,3.170397862100104e-6,0.1492311345072054,-733.7588472745999,8.362587855253674,4.735695220081743,-,-,158.638050860553,88.87594606291934,0.0,32.020973923547835,0.0,34.97560340132313,15.045060180368855,0.0,0.0,0.041327163383956395,0.0,17.917035331376237,0.0,0.0,38.49218207460452,0.0,16.617987560353683,12.744678062270648,0.0,0.0,0.03892080561408957,0.0,32.10623149715707,0.0
13,1.0,2.6129032258064515,1229.6774193548385,liq,98.63254492721313,98.89273626888415,99.06715939594203,-,-,-,-,-,-,-,-,,2733.688937869811,65.06248724260135,1492.7550595496268,7.216895200994473e-6,0.16073849833842335,-766.5377277448775,3.012160483891033,2.027169704244314e-9,-,-,24.803062573306995,1.1233867820800642e-17,48.38997252707225,10.415447038617968,15.05250533569312,14.533600569181813,7.5764824669280255,0.11299490201722713,2.542407398735163,0.9042165650814159,0.0,0.039035010932591006,0.4333381857404459,46.90931327433627,17.134897756500827,13.620422217401881,9.450440278646962,8.78351142735486,0.17174477300188798,2.5425557903041334,1.165424894583281,0.0,0.09572890604104853,0.1259606818288409
13,1.0,2.6129032258064515,1229.6774193548385,ol,1.3548926464017552,1.090025873371183,0.9209287063191253,-,-,-,-,-,-,-,-,,3241.344624344498,46.026721093775116,1531.8439905280813,4.270508598767283e-6,0.1459314785896599,-758.6959580632806,7.470411574903741,4.317464260659337,-,-,100.32950949283304,60.42027682723206,33.33333333333333,0.0,0.32174153162124874,57.51644911556102,8.828476019484398,0.0,0.0,0.0,0.0,0.0,0.0,40.27120997767019,0.0,0.36282828757781715,46.61043129824923,12.75553043650276,0.0,0.0,0.0,0.0,0.0,0.0
14,1.0,2.5806451612903225,1225.483870967742,system,100.0,100.0,100.0,12.06687221722138,20.05413600303408,0.0019147220194842426,0.4171454817819439,0.13920316998772142,0.18011131082344722,0.13069515028877993,0.08325123499036567,6.093623604286229,2738.922365143573,0.0036523314365591543,[1494.145498722981],[7.1768957228052185e-6],[0.16039690364211867],[-767.4742138776929],3.0572111666774227,0.3216449662515259,7.479955323276272,4.3206598182543745,25.2216390452468,0.2833565397869636,48.23634389525213,10.314234245334747,14.905168140159898,14.961358290343515,7.589573502612139,0.11186495299705483,2.516983324747811,0.8951781960412402,0.0,0.04029064862841674,0.4290048038830413,46.85052800035214,17.00109914935203,13.513102389222706,9.74734308452381,8.815649742560504,0.1703550962601174,2.5219826422270106,1.1559997353107179,0.0,0.09899869208757262,0.12494146810340676
14,1.0,2.5806451612903225,1225.483870967742,liq,98.63541541050425,98.89339341032931,99.06920060273643,-,-,-,-,-,-,-,-,,2733.1183589001857,65.04921445478543,1493.1724894804343,7.217403649451435e-6,0.16059745040015944,-767.5150529704989,3.0109310732984884,2.0268374500192026e-9,-,-,24.777647308629007,1.12278416700242e-17,48.44739858800572,10.4515881868278,15.106378018696006,14.376724148706593,7.572241592375294,0.11341085553692554,2.5517630617597717,0.907534103969342,0.0,0.03803249211099358,0.43492895201155213,46.93249707004262,17.18246197702872,13.659714696383327,9.341965549509172,8.772522879208875,0.17225776372180182,2.5501468724321703,1.1688917296507235,0.0,0.09320582915204355,0.1263356328705417
14,1.0,2.5806451612903225,1225.483870967742,spl,0.015569622718419765,0.02135020889026383,0.01474667123976199,-,-,-,-,-,-,-,-,,3964.039276145426,42.81437442944602,898.0222416271986,3.167540110751308e-6,0.14913868194954147,-734.5089455008999,8.362664286505384,4.734606806101526,-,-,158.74187599708608,88.8598928094069,0.0,32.10943875269063,0.0,34.818765619806975,15.202090679744115,0.0,0.0,0.04171259910216447,0.0,17.82799234865612,0.0,0.0,38.59634489498696,0.0,16.542534690062887,12.87697132208849,0.0,0.0,0.0392815797382501,0.0,31.94486751312341,0.0
14,1.0,2.5806451612903225,1225.483870967742,ol,1.3490149667773286,1.085256380780431,0.916052726023803,-,-,-,-,-,-,-,-,,3243.7075758276033,46.02432869472422,1530.5671158373875,4.261366900067376e-6,0.14586353892253814,-759.1133311129186,7.469977795751115,4.3163889032952065,-,-,100.42178297833473,60.434207288515175,33.33333333333333,0.0,0.3234360386128262,57.40889461244117,8.934336015612661,0.0,0.0,0.0,0.0,0.0,0.0,40.243965332374785,0.0,0.364492428349447,46.491796463792035,12.899745775483737,0.0,0.0,0.0,0.0,0.0,0.0
15,1.0,2.5483870967741935,1221.290322580645,system,100.0,100.0,100.0,12.062915171689875,20.098333583870783,0.001951207253822742,0.4188853615571412,0.14115431150188124,0.18172626525159752,0.12938274288128512,0.08366629702868734,6.5768373811850145,2738.3967357283723,0.003653055922210796,[1493.6142822953393],[7.17706912647288e-6],[0.16025533223828367],[-768.441351961645],3.056024726846789,0.3214808716298512,7.480810718990978,4.320148911937588,25.1973225031997,0.28301316797382503,48.29245467234184,10.350735924283146,14.958511695524484,14.804468367211655,7.586577674211916,0.11227674698155629,2.5262454311421743,0.8984635222493393,0.0,0.03968630356246295,0.43057966249143664,46.87200230931708,17.049253061341275,13.55191571203371,9.63833826315267,8.805965561244886,0.17086181900576736,2.5294809588920835,1.1594253912622314,0.0,0.09744509123186677,0.12531183251842912
15,1.0,2.5483870967741935,1221.290322580645,ol,1.3440413136557772,1.0812355189185812,0.9118060942533736,-,-,-,-,-,-,-,-,,3246.096996360122,46.022003374805,1536.634333987592,4.265226629231704e-6,0.14579473712459545,-759.5199475892525,7.469421227933817,4.315274402491836,-,-,100.51040290567686,60.44749765268597,33.33333333333333,0.0,0.32513945216226264,57.29983053750881,9.041696676995592,0.0,0.0,0.0,0.0,0.0,0.0,40.21637402009523,0.0,0.3661608575875901,46.371658158573496,13.045806963743686,0.0,0.0,0.0,0.0,0.0,0.0
15,1.0,2.5483870967741935,1221.290322580645,spl,0.017682255667173418,0.024231966920987644,0.016728886245232177,-,-,-,-,-,-,-,-,,3965.2020210889527,42.8052124291313,898.1412870073947,3.167218344052678e-6,0.14904609079247194,-735.2409983203147,8.362886737639544,4.733450496059739,-,-,158.86107311076643,88.84254641297669,0.0,32.19613688295647,0.0,34.65963273138762,15.361420625659314,0.0,0.0,0.042106714093870894,0.0,17.74070304590272,0.0,0.0,38.697643351580545,0.0,16.46568976001232,13.01095214156603,0.0,0.0,0.03964973905213527,0.0,31.786065007788967,0.0
15,1.0,2.5483870967741935,1221.290322580645,liq,98.63827643067705,98.89453251416043,99.0714650195014,-,-,-,-,-,-,-,-,,2732.5453358062405,65.03726192387148,1492.6074107563184,7.217464599366946e-6,0.1604543811535364,-768.489886555669,3.009767325604207,2.026528731497673e-9,-,-,24.753306668994334,1.1222068282554392e-17,48.504580875401,10.487604164435869,15.160040824071745,14.220967538075676,7.5674952180099355,0.11382514485924555,2.5610814868918355,0.9108386870795456,0.0,0.03705256611793589,0.4365134950572138,46.95564395129998,17.229839612965687,13.698830636950602,9.234413378376011,8.761007422753762,0.17276836969309575,2.557702861327783,1.1723428672186154,0.0,0.09074201659781815,0.12670888281663273
16,1.0,2.5161290322580645,1217.0967741935483,system,100.0,100.0,100.0,12.058950955326356,20.142791563237868,0.0019885264230793,0.4206259451193923,0.14313159587219632,0.1833287105019884,0.1280759183072459,0.08408483236624192,7.1038557709102585,2737.863836161627,0.0036537866188779853,[1491.669692628646],[7.17726904971842e-6],[0.16011195614952095],[-769.4065513998091],3.054685378850437,0.3212354006509918,7.481111982084077,4.319414198066403,25.17058728174539,0.2825261450011049,48.34853999930109,10.386908856214102,15.011649590337884,14.648816292643149,7.583057861522753,0.1126868934106531,2.535470672022917,0.9017357678506468,0.0,0.038985706590177596,0.4321483601066417,46.89381968697938,17.096943193109077,13.590603566559562,9.53037303360349,8.795761877204251,0.17136677757098795,2.5369533677283598,1.1628392273505954,0.0,0.09565831928698146,0.1256809506073264
16,1.0,2.5161290322580645,1217.0967741935483,liq,98.64114794228742,98.89602882758159,99.07389949771232,-,-,-,-,-,-,-,-,,2731.9730756871336,65.02670488488133,1490.664924640959,7.217678572432006e-6,0.1603095155929618,-769.4618434776235,3.008472454502772,2.026243449574817e-9,-,-,24.726832894520697,1.1216559454151208e-17,48.561472875460055,10.523464258220434,15.213429258308567,14.066251494329995,7.562474291355996,0.11423754708481658,2.570357366298557,0.9141277034283201,0.0,0.03609464034326961,0.4380905651699652,46.97868523662485,17.276972460141423,13.73770569417565,9.127724175735196,8.749228673091668,0.17327617636687728,2.565217327453047,1.175774428993716,0.0,0.08833581444944998,0.12708001296811736
16,1.0,2.5161290322580645,1217.0967741935483,spl,0.01914516598991172,0.02622104620413735,0.018092852900476464,-,-,-,-,-,-,-,-,,3966.429893488924,42.796271616942036,900.9719473135951,3.163609531368223e-6,0.1489536959057927,-735.9535832237168,8.36345564090404,4.732214646583554,-,-,159.0098760452616,88.82365773232883,0.0,32.28099178282819,0.0,34.497642997773895,15.52361239842657,0.0,0.0,0.042510792400912385,0.0,17.655242028570445,0.0,0.0,38.795882493265616,0.0,16.387149238145778,13.147055677530917,0.0,0.0,0.040026369081773344,0.0,31.629886221975923,0.0
16,1.0,2.5161290322580645,1217.0967741935483,ol,1.339706891722669,1.0777501262142855,0.908007649387193,-,-,-,-,-,-,-,-,,3248.5188729474476,46.01975820499125,1536.293672763902,4.259317701766842e-6,0.14572532899816362,-759.9149308386645,7.468708918829535,4.31411210461643,-,-,100.59426967981108,60.46001447657187,33.33333333333333,0.0,0.32685252882580196,57.18892024428982,9.150893893551046,0.0,0.0,0.0,0.0,0.0,0.0,40.188351980727546,0.0,0.3678335870749854,46.249652189013105,13.194162243184346,0.0,0.0,0.0,0.0,0.0,0.0
17,1.0,2.4838709677419355,1212.9032258064517,system,100.0,100.0,100.0,12.054979545411308,20.187512255422735,0.0020267096034148474,0.42236726882882814,0.14513553929139308,0.18491771969269977,0.12677487099273616,0.08450587907641145,7.6792064625754035,2737.323995952242,0.003654524257160161,[1491.1365594189608],[7.177866816066873e-6],[0.1599667117050643],[-770.3693071092792],3.0534392235012904,0.32094306713019105,7.480783647975204,4.318506033440628,25.145473812358176,0.281956559077284,48.40449507327367,10.42277775568404,15.06451744004091,14.494281157790503,7.579256353726901,0.11309517161396841,2.5446537926355717,0.9049924158332275,0.0,0.038221179882920654,0.4337096595182655,46.91580655637494,17.144186125795045,13.629088080015073,9.423349445481096,8.7853069052782,0.17186938996288278,2.5443909626565886,1.1662363257233372,0.0,0.09371792692792705,0.12604828178491953
17,1.0,2.4838709677419355,1212.9032258064517,liq,98.64392017342097,98.89769486139971,99.0763827486916,-,-,-,-,-,-,-,-,,2731.399200308319,65.01750510403566,1490.153162953676,7.21826910599543e-6,0.16016279992421148,-770.4317397437387,3.0072902262599874,2.0259818045850438e-9,-,-,24.70221307859736,1.1211307364716624e-17,48.618112735260226,10.559197837227217,15.266595587447082,13.912611781977752,7.557014869029093,0.11464827224817639,2.579595635413563,0.917403419881793,0.0,0.035158616195524274,0.4396612453195857,47.00167049619711,17.323914311527872,13.776391605340848,9.021920297960218,8.736999732852588,0.1737815595369168,2.5726960433344757,1.1791897193791163,0.0,0.0859868543774401,0.12744937949341067
17,1.0,2.4838709677419355,1212.9032258064517,ol,1.335945378441434,1.0747449106914928,0.904610365724425,-,-,-,-,-,-,-,-,,3250.9701991414895,46.01758703831968,1534.8171363391132,4.255221085254586e-6,0.14565526426919853,-760.2990965133,7.467667600301373,4.312906386771185,-,-,100.6647015834141,60.47182170933697,33.33333333333333,0.0,0.3285761492148398,57.07633019105067,9.261760326401157,0.0,0.0,0.0,0.0,0.0,0.0,40.159943499513204,0.0,0.36951192986751,46.12596994872296,13.344574621896324,0.0,0.0,0.0,0.0,0.0,0.0
17,1.0,2.4838709677419355,1212.9032258064517,spl,0.020134448137604895,0.02756022790877949,0.01900688558398346,-,-,-,-,-,-,-,-,,3967.7198057204305,42.787549408089816,899.7340061759772,3.1576321872089804e-6,0.14886143709191607,-736.6474633965599,8.363633882101317,4.730904383091747,-,-,159.13901210543452,88.80334737078557,0.0,32.36396688799238,0.0,34.33308182433253,15.688380393892723,0.0,0.0,0.04292443645051986,0.0,17.571646457331827,0.0,0.0,38.891045657654594,0.0,16.307067911300564,13.28504190618767,0.0,0.0,0.040411102904605464,0.0,31.47643342195257,0.0
18,1.0,2.4516129032258065,1208.7096774193546,system,100.0,100.0,100.0,12.051000919160513,20.232498001335333,0.0020970240898028564,0.42387786412200196,0.14819740239201337,0.1840774837063891,0.12540542016116632,0.08538604022504719,8.392919757227887,2737.6661732190414,0.003654279111884336,[1489.5998435426573],[7.158538936366013e-6],[0.15974931997483735],[-771.435307239313],3.0787957472640635,0.39570917465988364,7.125108532783769,4.017183808033754,25.378719124631765,0.4286795134744269,48.460315761568054,10.458411111466635,15.1171666075928,14.340872153393114,7.575016518524919,0.11350178952569463,2.553799679059426,0.9082357589054256,0.0,0.03741598709754948,0.43526463286638983,46.93793789326651,17.19108860569814,13.667410757975867,9.317265104559276,8.774415562778104,0.1723699096745958,2.55179770391892,1.1696192176715616,0.0,0.09168115259424317,0.1264140918628117
18,1.0,2.4516129032258065,1208.7096774193546,liq,97.90802325899773,98.14351920959902,98.33766578526657,-,-,-,-,-,-,-,-,,2731.11517886798,65.00055417115321,1490.8055779863932,7.230576305808618e-6,0.1600533386845132,-771.1657651443603,3.005709848892974,2.025091696901059e-9,-,-,24.673691180535222,1.1200293464242872e-17,48.68129876531536,10.550713713201652,15.318938776898882,13.740830612722412,7.586819065518364,0.11591854653419591,2.5987470820274674,0.927599061433745,0.0,0.03460708565034272,0.4445272906975567,47.03845803465777,17.30105800498911,13.816488565428914,8.905924900406177,8.7669291308237,0.17561630137087578,2.5904581657022345,1.1916791839461336,0.0,0.08459428796574876,0.12879342470930752
18,1.0,2.4516129032258065,1208.7096774193546,ol,1.546080043973374,1.2442604141151579,1.0462630457899993,-,-,-,-,-,-,-,-,,3254.383150258508,46.01797893451858,1541.6640305660464,4.251191019392592e-6,0.14561011489120881,-760.4584801449938,7.465934056961779,4.310244455640447,-,-,100.78573482023624,60.460604692969085,33.33333333333333,0.0,0.3322259351895398,56.907225205085645,9.427215526391482,0.0,0.0,0.0,0.0,0.0,0.0,40.11748513602964,0.0,0.37322142666134656,45.94068719056153,13.56860624674747,0.0,0.0,0.0,0.0,0.0,0.0
18,1.0,2.4516129032258065,1208.7096774193546,pl,0.5259313892861756,0.5848590328119612,0.5972310020906125,-,-,-,-,-,-,-,-,,2679.8293699619003,102.96049407365787,1101.540517685033,2.4465330753736157e-6,0.1451296077745425,-832.0422153078987,6.675222298990255,3.605644025553477,-,-,72.95665993276532,34.83957418392609,53.57224273631681,23.2138786318416,21.427757263683198,0.0,0.0,0.0010571217604304927,1.785064246397972,0.0,0.0,0.0,0.0,46.66077876114789,34.31308508516114,17.420754229804178,0.0,0.0,0.0014436374719813368,1.6039382864148355,0.0,0.0,0.0,0.0
18,1.0,2.4516129032258065,1208.7096774193546,spl,0.01996530774273465,0.027361343473861502,0.018840166852823734,-,-,-,-,-,-,-,-,,3974.2113359288496,42.79839097600332,900.3975753015848,3.158998342451856e-6,0.1489023781197106,-736.04384943872,8.356252860957724,4.7240185987407095,-,-,159.25390612590778,88.68989798715965,0.0,32.2548944826687,0.0,33.99682670682401,16.025196774355084,0.0,0.0,0.044046962358181105,0.0,17.679035073794022,0.0,0.0,38.68729668552101,0.0,16.117079916519828,13.54481492131406,0.0,0.0,0.04139014531352912,0.0,31.60941833133158,0.0
19,1.0,2.4193548387096775,1204.516129032258,system,100.0,100.0,100.0,12.047015053725604,20.277751168888212,0.002257192262388833,0.4247226260097094,0.15409439081950005,0.17682661138862196,0.12384933422633376,0.08748898641228665,9.424513886982457,2738.4421024437424,0.0036535178313445433,[1482.2273837186258],[7.1157118576839796e-6],[0.15952685175972633],[-772.9391570867651],3.1456226183258407,0.5413879147721108,6.884463098540307,3.808534533652872,26.02653846875578,0.8026397743401976,48.57551929468437,10.5066455303477,15.222074958169523,14.027240987831968,7.582152325093891,0.11476201871559166,2.5772473347113434,0.9183272745523715,0.0,0.035948258102642947,0.4400820177905812,46.99014617819356,17.24857919936143,13.744890397562065,9.101997760362961,8.771597549244632,0.17406381659418504,2.5719770617895015,1.181122544995405,0.0,0.08797358417417608,0.12765190772206952
19,1.0,2.4193548387096775,1204.516129032258,liq,96.01113775326375,96.12863016813375,96.3208413560115,-,-,-,-,-,-,-,-,,2731.6261079169117,64.9555103177745,1490.7436090816338,7.275172087427204e-6,0.16011480910343995,-771.6052692404928,3.0032216653172847,2.0224620751532496e-9,-,-,24.63746563369763,1.1173314623177526e-17,48.76062959199895,10.42359398574216,15.37220106345987,13.520050226884253,7.710647453802541,0.11950232912437932,2.643602690820302,0.956436012620319,0.0,0.03501200724534451,0.4583246383018929,47.111149193154944,17.09116957182256,13.863360953322799,8.762092241311352,8.909269348816554,0.18103049641258745,2.6349490792173844,1.2286224482494068,0.0,0.08557688898604661,0.1327797787063827
19,1.0,2.4193548387096775,1204.516129032258,spl,0.012735258305919709,0.017545256121436578,0.012022124358693194,-,-,-,-,-,-,-,-,,3994.544512061002,42.86120242499977,893.6344569846124,3.161930152671486e-6,0.14936526471974015,-732.290193694754,8.327306434971822,4.702332615511048,-,-,159.22836200946807,88.32709672911518,0.0,31.636557435000086,0.0,33.198675652443384,16.82495165730448,0.0,0.0,0.047254619495738906,0.0,18.292560635756303,0.0,0.0,37.69838095888556,0.0,15.636136690853633,14.128115945924321,0.0,0.0,0.04411496911950649,0.0,32.493251435216976,0.0
19,1.0,2.4193548387096775,1204.516129032258,ol,1.8401288447215336,1.481979690440694,1.2441348678439352,-,-,-,-,-,-,-,-,,3260.3450053950824,46.025244837914684,1530.0675226480082,4.245653052113301e-6,0.14569560229373496,-760.350393926523,7.457689803532988,4.303716654167523,-,-,100.81367506262029,60.38803533031618,33.333333333333336,0.0,0.3413260020730927,56.587788208175674,9.73755245641791,0.0,0.0,0.0,0.0,0.0,0.0,40.03780476967857,0.0,0.38268282133845494,45.592074522334705,13.987437886648271,0.0,0.0,0.0,0.0,0.0,0.0
19,1.0,2.4193548387096775,1204.516129032258,pl,2.1359981437087963,2.3718448853041223,2.4230016517858646,-,-,-,-,-,-,-,-,,2679.2999870302046,102.95998124144772,1099.2519859987244,2.444206085098431e-6,0.14507470343994017,-833.0790505004646,6.672019504513678,3.6042669753393533,-,-,72.86318008575357,34.80609066433075,53.65970372512492,23.170148137437536,21.340296274875076,0.0,0.0,0.0011040560451241028,1.8287478065173377,0.0,0.0,0.0,0.0,46.746423474642505,34.2553833316371,17.35316291820696,0.0,0.0,0.0015080377646585856,1.6435222377487873,0.0,0.0,0.0,0.0
20,1.0,2.3870967741935485,1200.322580645161,system,100.0,100.0,100.0,12.043021926194685,20.3232741533831,0.002423346358257756,0.4255325276318053,0.16001234103398032,0.16988983159650564,0.12231076775032355,0.08955648467173839,10.569211269132806,2737.382720349247,0.00365462882325469,[1479.7377427725924],[7.158047438310068e-6],[0.15945917123472986],[-772.8847672136488],3.1394046675595972,0.5306223515742755,6.8373635186589174,3.767153125750172,25.951615156956237,0.7707376977053636,48.71413819256399,10.444442067481857,15.33432892226864,13.6469585882049,7.678999107762737,0.1183132179492154,2.6269594360822297,0.9468731611944623,0.0,0.03524591457309439,0.45374139191887397,47.080656663852636,17.130602426012018,13.833444862749014,8.847050038379699,8.875420809855218,0.17928408261716824,2.6191628518970385,1.2167109786110455,0.0,0.08617501408634966,0.13149227193980237
20,1.0,2.3870967741935485,1200.322580645161,liq,96.14623532489814,96.18287774844411,96.32864680886999,-,-,-,-,-,-,-,-,,2732.1153557124076,64.90738779778496,1489.3104765550493,7.318534735799199e-6,0.16003074364124645,-771.3939002162491,3.000777535112694,2.019880443659067e-9,-,-,24.601785746867634,1.1146803903972655e-17,48.83764766273696,10.300244150130734,15.427192211488801,13.303712083908122,7.829330557075891,0.12302476973223989,2.68682665316763,0.9847873604724331,0.0,0.03534352490693809,0.47189102638025576,47.18166434576722,16.887522520433187,13.911805296392782,8.621175357635211,9.045654531891348,0.18635114217529836,2.6778103453372135,1.2649376446815515,0.0,0.08638005396800964,0.13669876171818504
20,1.0,2.3870967741935485,1200.322580645161,ol,1.515750134584807,1.2220325113331025,1.0237231964011595,-,-,-,-,-,-,-,-,,3266.3065444869894,46.032586719119536,1526.9142379776033,4.240340930076054e-6,0.1456524616142727,-759.57058716283,7.450428611938498,4.297188665517399,-,-,100.88895555964908,60.31506277326432,33.333333333333336,0.0,0.3506594950927894,56.26789617807351,10.048110993500378,0.0,0.0,0.0,0.0,0.0,0.0,39.95835518399263,0.0,0.39236706128403176,45.24438166371228,14.404896091011054,0.0,0.0,0.0,0.0,0.0,0.0
20,1.0,2.3870967741935485,1200.322580645161,spl,0.006680865271112907,0.00925432385606179,0.006307757374131764,-,-,-,-,-,-,-,-,,4014.4535625240082,42.922196229531515,890.2025461367232,3.165946385554657e-6,0.14968739824944222,-727.9776841349199,8.299728408758554,4.681120593597334,-,-,159.24656823321254,87.9682793730715,0.0,31.038604355438725,0.0,32.40442333384057,17.620953581408656,0.0,0.0,0.050753830498453716,0.0,18.8852648988136,0.0,0.0,36.75141884145764,0.0,15.165315219167862,14.702740024499118,0.0,0.0,0.0470813578462953,0.0,33.33344455702908,0.0
20,1.0,2.3870967741935485,1200.322580645161,pl,2.3313336752459395,2.5858354163667197,2.641322237354711,-,-,-,-,-,-,-,-,,2678.774872999489,102.95943218894978,1100.3905703432363,2.447840201213584e-6,0.14489166011497395,-833.3846943553176,6.668749883998818,3.602906923520229,-,-,72.7670637910684,34.773011344791264,53.74662923813129,23.126685380934358,21.25337076186872,0.0,0.0,0.0011514174132957696,1.8721632016523455,0.0,0.0,0.0,0.0,46.83157806212026,34.198011573159995,17.285958235847474,0.0,0.0,0.0015730456709729525,1.6828790832013052,0.0,0.0,0.0,0.0
21,1.0,2.3548387096774195,1196.1290322580644,system,100.0,100.0,100.0,12.03902151359296,20.369069377904346,0.002595681914991577,0.4263105682138068,0.16595820979353818,0.16324879607328122,0.12079000785504729,0.09158462885982614,11.840390519974036,2737.4031890002784,0.0036545192322493827,[1477.6301248382374],[7.203640418155808e-6],[0.15928287709191574],[-772.203712923199],3.1329655483905268,0.52156626864527,6.823035772361267,3.7554647444485583,25.876028044720623,0.7446595468320195,48.80551682117895,10.337684599470602,15.402871688508549,13.392547775759505,7.790863629349911,0.1218014875307798,2.6712840317791744,0.9749403667333262,0.0,0.03531748357274212,0.46717211611645315,47.15528455786192,16.95058278654058,13.891246964532575,8.679601383263353,9.002101490885808,0.18451642218262035,2.6625830922607703,1.2524132064490399,0.0,0.08632494229732816,0.1353451537260151
21,1.0,2.3548387096774195,1196.1290322580644,liq,96.26864533285901,96.28515006820764,96.41775570493445,-,-,-,-,-,-,-,-,,2732.5746909772165,64.85648676945826,1487.2709792452506,7.36180943294309e-6,0.15983799804976395,-770.7087583673206,2.9984506030422238,2.0173410826670952e-9,-,-,24.5677757212197,1.112066369948751e-17,48.91274088815939,10.180528496054421,15.483679531904485,13.091703188077727,7.942682438163269,0.12649078372037054,2.728633857032214,1.01269043715553,0.0,0.03560764897031101,0.48524273076230845,47.25040584230835,16.689901363067797,13.961619516285232,8.48310448205387,9.175877159512503,0.19158583915504104,2.719258250060363,1.3006737770475927,0.0,0.08701856842052559,0.14055520208870798
21,1.0,2.3548387096774195,1196.1290322580644,pl,2.3197893606066864,2.5717679867730214,2.627544756551109,-,-,-,-,-,-,-,-,,2678.251839311371,102.95886415398043,1096.2996271041002,2.4491225838693703e-6,0.14461412690375958,-833.1486416880495,6.665492903958154,3.6015565304676325,-,-,72.67128294655421,34.74016554654211,53.83329950368082,23.083350248159594,21.166700496319184,0.0,0.0,0.0011992988530958432,1.915450452987312,0.0,0.0,0.0,0.0,46.916516607392616,34.1407851676574,17.218923888611187,0.0,0.0,0.001638789444072404,1.7221355468947246,0.0,0.0,0.0,0.0
21,1.0,2.3548387096774195,1196.1290322580644,spl,0.005323242120452989,0.007417322034579531,0.005031390824042467,-,-,-,-,-,-,-,-,,4033.9343855256184,42.9814512659457,884.0299980189146,3.1691788363241853e-6,0.14990197804533253,-723.2847982186759,8.272840992711371,4.660398582212124,-,-,159.2630030671688,87.61429138703791,0.0,30.45961347748247,0.0,31.61638427788967,18.410901373086293,0.0,0.0,0.054571301951940654,0.0,19.45852956958961,0.0,0.0,35.84357919889351,0.0,14.70531740724461,15.267185390338941,0.0,0.0,0.050310603478033955,0.0,34.13360740004491,0.0
21,1.0,2.3548387096774195,1196.1290322580644,ol,1.4062420644138545,1.1356646229847622,0.949668147690397,-,-,-,-,-,-,-,-,,3272.2612822726164,46.03999027171993,1526.8610998617912,4.234193983393613e-6,0.14551398503478602,-758.2964649437142,7.443436315432723,4.290669803172332,-,-,100.97635826972324,60.24183072820191,33.33333333333333,0.0,0.36022474990242903,55.947913437363006,10.35852847940123,0.0,0.0,0.0,0.0,0.0,0.0,39.87922658473556,0.0,0.40227182078727786,44.89800026541829,14.820501329058878,0.0,0.0,0.0,0.0,0.0,0.0
22,1.0,2.3225806451612905,1191.9354838709678,system,100.0,100.0,100.0,12.035013792883383,20.415139293719214,0.00277426938139381,0.4270588785755408,0.1719339553614712,0.15689233082331835,0.11928575941104749,0.09357677972804411,13.25175105671448,2737.677315443885,0.0036541273413125516,[1475.7498475329453],[7.2487927231316085e-6],[0.15907886670230326],[-771.4032728061953],3.12669971943028,0.5132508654555784,6.81625904371671,3.750741467977354,25.802652138511675,0.7211766188919103,48.883919899431234,10.2226673252336,15.461794048459728,13.172089068928909,7.902556633027988,0.12523333194394842,2.7132559055705703,1.0025643113115579,0.0,0.0355291726377816,0.48039030345468525,47.22473381879431,16.759753451885963,13.942525903545706,8.535584690283029,9.129940773416713,0.1896899880761235,2.7040573593885195,1.2877271962591894,0.0,0.08683077557573263,0.1391560427747141
22,1.0,2.3225806451612905,1191.9354838709678,liq,96.38210733947528,96.39330957592469,96.52113561376278,-,-,-,-,-,-,-,-,,2733.007294554912,64.8031654574397,1485.086453539998,7.403934101356075e-6,0.15961815959587822,-769.9398190808895,2.996182332613752,2.0148422472108296e-9,-,-,24.534503206550543,1.1094887118267818e-17,48.985999776983256,10.064337392341342,15.541379412532802,12.883800745759022,8.051129598588448,0.1299016443806845,2.7691103365519254,1.040152747185456,0.0,0.03580816539617727,0.4983801802809106,47.31741133218892,16.498106054045543,14.012532883846552,8.347724787462804,9.300422256487884,0.19673635838586287,2.7593761704016506,1.335839414743353,0.0,0.08750163390897965,0.14434910852844202
22,1.0,2.3225806451612905,1191.9354838709678,spl,0.005064001140220049,0.007097671129898122,0.004792441756050537,-,-,-,-,-,-,-,-,,4052.9883103884877,43.03901682274586,878.0186157383451,3.1735077457113965e-6,0.1500846350935356,-718.585632016319,8.246841766870102,4.64016789399824,-,-,159.29130994903727,87.26553202557291,0.0,29.898781363679696,0.0,30.83569470597099,19.193674240926683,0.0,0.0,0.058737893795357425,0.0,20.013111795627264,0.0,0.0,34.97283084144602,0.0,14.256281310199743,15.820942974104621,0.0,0.0,0.05382746149467165,0.0,34.89611741275495,0.0
22,1.0,2.3225806451612905,1191.9354838709678,pl,2.2613410316786315,2.5061303620949595,2.561257551931301,-,-,-,-,-,-,-,-,,2677.729654946379,102.95828678510182,1098.3208566742967,2.449653203880936e-6,0.14431586937859195,-832.7934687614451,6.662478157707934,3.6002116647031213,-,-,72.58410157461216,34.70745727021024,53.919872358743525,23.040063820628234,21.08012764125647,0.0,0.0,0.0012477557366296754,1.958688423635134,0.0,0.0,0.0,0.0,47.00139361215368,34.08360003098133,17.15193795018942,0.0,0.0,0.0017053457128021587,1.7613630609627677,0.0,0.0,0.0,0.0
22,1.0,2.3225806451612905,1191.9354838709678,ol,1.3514876277058692,1.0934623908504535,0.9128143925498609,-,-,-,-,-,-,-,-,,3278.2169640465727,46.04747137863308,1520.6880397223545,4.230100930632013e-6,0.14535438504378126,-756.9127664885874,7.4357330754698445,4.284148887630057,-,-,101.02880323903356,60.16817022764,33.33333333333333,0.0,0.370018793724321,55.62740864638672,10.669239226555625,0.0,0.0,0.0,0.0,0.0,0.0,39.80030901793036,0.0,0.41239136465518794,44.552456013272234,15.23484360414222,0.0,0.0,0.0,0.0,0.0,0.0
23,1.0,2.290322580645161,1187.7419354838707,system,100.0,100.0,100.0,12.030998740967357,20.461486380684985,0.002990417860459247,0.4269704340811854,0.1786545418324831,0.1521139088042569,0.11777596952181546,0.09618874340135125,14.693506154282524,2740.4126166849974,0.0036508779362031257,[1472.0868803458786],[7.2778346733111405e-6],[0.15878236587204397],[-770.728059349446],3.141850542487538,0.5534952649087841,6.824395957058135,3.775727820996376,25.93183625565468,0.8395446106906405,48.95768140868144,10.108122983166203,15.519107858738469,12.963194196802341,8.010742604128577,0.12861042695555924,2.753661891872685,1.0297520418738726,0.0,0.03573020930276131,0.4933963784781014,47.291576658527,16.57041447151324,13.992901721168302,8.399435522861182,9.25406567654137,0.19478706337900534,2.744070176090936,1.3225245585672163,0.0,0.08731394335123777,0.14291020800050655
23,1.0,2.290322580645161,1187.7419354838707,pl,2.3400784987341043,2.592540703897199,2.652564311166652,-,-,-,-,-,-,-,-,,2677.0861586171445,102.95866122630852,1096.0523938396386,2.4519425607923464e-6,0.1440160534982489,-832.3832534620608,6.658485814756646,3.5984622064311127,-,-,72.46923901949887,34.66540194415363,54.022009832803676,22.98899508359816,20.97799016719632,0.0,0.0,0.0013069271908258933,2.0096979892110123,0.0,0.0,0.0,0.0,47.101573704896566,34.016103957447264,17.072874125333097,0.0,0.0,0.0017866399975526256,1.8076615723255318,0.0,0.0,0.0,0.0
23,1.0,2.290322580645161,1187.7419354838707,ol,1.2527858096721685,1.0159685131806135,0.8470065788473086,-,-,-,-,-,-,-,-,,3285.459757268377,46.05731457996925,1515.7831094671726,4.22608752195805e-6,0.1452247166007967,-755.2160509964914,7.426140817219469,4.275838619562609,-,-,101.09525995062869,60.06739018158551,33.33333333333333,0.0,0.37817175562754823,55.23680228428266,11.051692626756456,0.0,0.0,0.0,0.0,0.0,0.0,39.704082045275236,0.0,0.420458934138296,44.13265603436902,15.742802986217447,0.0,0.0,0.0,0.0,0.0,0.0
23,1.0,2.290322580645161,1187.7419354838707,liq,95.82324609360582,95.86482725062282,96.05103320752045,-,-,-,-,-,-,-,-,,2733.7572020097123,64.78582299763836,1482.4777832789382,7.45458579156505e-6,0.15941812141204734,-768.9571299356944,2.992503248233831,2.010791896018003e-9,-,-,24.481002663965967,1.1053356888975358e-17,49.03915789843936,9.975415459506308,15.54750866222262,12.66151544246312,8.196820810962748,0.13414334409442866,2.8227929955577933,1.0723517707428432,0.0,0.03561365729933913,0.5146799587114202,47.34939411478964,16.34565459394389,14.012328515030983,8.200347063216128,9.46484948339495,0.20307736976598476,2.811720202002207,1.3766287260765342,0.0,0.08699075267891741,0.14900917910075784
23,1.0,2.290322580645161,1187.7419354838707,cpx,0.5795405098488754,0.5205362638492653,0.4452725791921462,-,-,-,-,-,-,-,-,,3202.0471784151755,68.35645050757105,1334.5229197577437,4.166964741836593e-6,0.142659636620634,-812.2161376216692,7.141060502541903,4.163944998224822,-,-,89.26291791748511,55.518496310293344,49.14671414867717,1.6919162331867859,21.564480102400076,23.491198655402577,3.34584648385487,0.004644259341278557,0.27169135821501883,0.3601535632055427,0.0,0.1233551957166785,0.0,52.855128424995655,3.087958146864515,21.64759820407242,16.94622408814836,4.303239366986097,0.007831231951121911,0.30143252958035116,0.514977783143201,0.0,0.3356102242582584,0.0
23,1.0,2.290322580645161,1187.7419354838707,spl,0.004349088139043585,0.0061272684500907225,0.004123323273455122,-,-,-,-,-,-,-,-,,4070.260543183856,43.085104524686656,873.2505119064529,3.1760875034480877e-6,0.1502233019094111,-714.3863463768773,8.222791312248196,4.620982260124616,-,-,159.32218497110566,86.91421508982923,0.0,29.483362993635282,0.0,30.01537927201924,20.016913208805192,0.0,0.0,0.06458496164888473,0.0,20.419759563891382,0.0,0.0,34.30584022556965,0.0,13.804163545527103,16.412891290455782,0.0,0.0,0.058874966987845494,0.0,35.41822997145962,0.0
24,1.0,2.258064516129032,1183.5483870967741,system,100.0,100.0,100.0,12.026976334685441,20.508113147662087,0.003303591756449083,0.42475637735962424,0.1872567321253304,0.15077934520833156,0.11621373596991567,0.10049968785644266,15.926775186362503,2747.2875662649426,0.003642755200900112,[1466.550887175891],[7.294275016229642e-6],[0.15841113122745612],[-770.1824087250483],3.185571039267371,0.6508133471382648,6.847534739087363,3.8247250058500244,26.327583205320895,1.1636356621938981,49.01960512595318,10.007114615481626,15.540621218372792,12.733486378356455,8.152852238331542,0.13281567696285776,2.8062016314873217,1.0621286523168156,0.0,0.03564130361308512,0.5095331591243061,47.335430773424235,16.399299671975605,14.007575805440428,8.247816222268527,9.415056812600863,0.20108831928618748,2.7954842254518018,1.363646437095991,0.0,0.08706732398448917,0.14753440847186503
24,1.0,2.258064516129032,1183.5483870967741,liq,94.29799024308664,94.4250681401312,94.76442090260886,-,-,-,-,-,-,-,-,,2735.3443494746907,64.86326105953894,1479.5345888788906,7.52943372281258e-6,0.1593119356298738,-767.5528133041864,2.985017569741374,2.002640301506109e-9,-,-,24.372820521120467,1.0970285001732108e-17,49.043327903462036,9.950276937824984,15.420005178569621,12.39501732118879,8.445557084676002,0.14068527214742926,2.9127539326428034,1.1177035162980766,0.0,0.03454176279737675,0.5401310903928894,47.294293882081824,16.284104646107608,13.880062256295329,8.01772347476037,9.73988801854821,0.21271515246771852,2.897705590971254,1.4330573237472393,0.0,0.08426716865479841,0.15618248636566598
24,1.0,2.258064516129032,1183.5483870967741,cpx,2.1429000851274447,1.925800410239745,1.6496536011021725,-,-,-,-,-,-,-,-,,3204.708472585948,68.35814899570634,1333.415459117874,4.162688261702108e-6,0.14244397650235502,-811.5987027226884,7.139330331610253,4.16000302626344,-,-,89.39813311565166,55.459483633002904,49.154007770192365,1.6853045661967068,21.55639655041128,23.32263013428089,3.4950242609649913,0.004924164605102315,0.28416589046567087,0.37640339574788895,0.0,0.1211432671351041,0.0,52.8157273032174,3.073142021659347,21.62014369393586,16.809584474676914,4.491086027349656,0.00829579233029429,0.3149908406057076,0.5377321412595895,0.0,0.3292977049652236,0.0
24,1.0,2.258064516129032,1183.5483870967741,spl,0.002305458491747822,0.0032589011779836008,0.0021906991035434585,-,-,-,-,-,-,-,-,,4083.7436651005128,43.10490641493853,869.0389350665147,3.172327365984636e-6,0.15030211790551512,-711.4494792877209,8.203006064738224,4.6035824837210155,-,-,159.39673549368518,86.5466638609168,0.0,29.407376147855096,0.0,29.07992073444697,20.95748923735678,0.0,0.0,0.07481994360750355,0.0,20.48039393673364,0.0,0.0,34.09227471083654,0.0,13.325028309967346,17.121267005315328,0.0,0.0,0.06795560895682988,0.0,35.39347436492395,0.0
24,1.0,2.258064516129032,1183.5483870967741,ol,0.9949247610346281,0.8094882477803907,0.6741760087105096,-,-,-,-,-,-,-,-,,3296.152279022194,46.073429052297925,1515.8031528643262,4.218285671406236e-6,0.14520877754586645,-752.8505206375169,7.41115287999147,4.262741133840684,-,-,101.18277004329077,59.89425772307849,33.33333333333333,0.0,0.3817597360764013,54.65858562679671,11.626321303793556,0.0,0.0,0.0,0.0,0.0,0.0,39.56144266168719,0.0,0.4229232664089946,43.51378751669968,16.501846555204136,0.0,0.0,0.0,0.0,0.0,0.0
24,1.0,2.258064516129032,1183.5483870967741,pl,2.5618794522595403,2.836384300670675,2.9095587884749143,-,-,-,-,-,-,-,-,,2676.134576622877,102.96145350080097,1098.823205411563,2.4562507516273887e-6,0.14374456136916747,-832.0198160580588,6.652704453608347,3.5956800292920894,-,-,72.30895122293046,34.599516129982774,54.16368183755355,22.91815908122323,20.83631816244646,0.0,0.0,0.0013940690109364507,2.080446849765834,0.0,0.0,0.0,0.0,47.24060811235699,33.92242833350546,16.96314453205461,0.0,0.0,0.0019063935204584547,1.8719126285624836,0.0,0.0,0.0,0.0
25,1.0,2.225806451612903,1179.354838709677,system,100.0,100.0,100.0,12.022946550818103,20.555022132937413,0.0036369728706279795,0.42244708441870077,0.19596941029839723,0.1494516134348099,0.11465065937086268,0.10486376540540017,17.257232172304757,2748.999282295835,0.003640499578212582,[1462.5279482252438],[7.374666671222874e-6],[0.15841759918346446],[-769.2660755654457],3.1720478303036335,0.64115295592492,6.847366280289854,3.830302679724115,26.153387093797118,1.1300506883063246,49.03913916190553,9.960196635747113,15.441099743663578,12.454206590639137,8.394607453256295,0.13930318863910562,2.894041656355169,1.1079413636019078,0.0,0.03473442670319941,0.5347297794889605,47.301418757585026,16.30418687363929,13.902331452896014,8.057911939274424,9.68341556969253,0.21067517605727346,2.8797696816321845,1.4208761939598902,0.0,0.08475719107732932,0.15465716418601702
25,1.0,2.225806451612903,1179.354838709677,liq,94.46538206857771,94.60429429853174,94.94945894055094,-,-,-,-,-,-,-,-,,2736.890178343387,64.93637999558737,1474.9201772430317,7.605247139271225e-6,0.15930261007242855,-766.6490873809822,2.9774314716349877,1.9944272815950213e-9,-,-,24.26280010682229,1.0886638034942161e-17,49.04585381366856,9.926801412245943,15.295443746463592,12.130712169752162,8.68931772382819,0.14728889474736753,3.002066094192999,1.163178506560716,0.0,0.033483638530416616,0.5658540000100261,47.23813316464102,16.225558828715027,13.750883062343947,7.837036096467316,10.00859124108722,0.22242387816741271,2.982856249280233,1.4895151594472325,0.0,0.08158459513152716,0.16341772471906776
25,1.0,2.225806451612903,1179.354838709677,spl,0.001766714365770014,0.0025034798844573653,0.0016784884004307015,-,-,-,-,-,-,-,-,,4096.988800806932,43.124173825821984,867.7628874040075,3.1693585968146935e-6,0.1504686800526195,-709.0070653125978,8.184465152691914,4.586499806837177,-,-,159.52648448957223,86.18417643284052,0.0,29.336072616087943,0.0,28.15491927916153,21.888404780331413,0.0,0.0,0.08664811898588051,0.0,20.533955205433237,0.0,0.0,33.88852767360193,0.0,12.85524135137469,17.818116165800937,0.0,0.0,0.07841842175307971,0.0,35.359696387469356,0.0
25,1.0,2.225806451612903,1179.354838709677,ol,0.8510099496364529,0.6941678667857861,0.5765796048912385,-,-,-,-,-,-,-,-,,3307.0765281296876,46.09015944419831,1507.2636186707025,4.213160367459366e-6,0.14528931376891677,-750.8957707207653,7.394886818866461,4.249330695624305,-,-,101.22499116046622,59.715257024084295,33.33333333333333,0.0,0.38566650753480264,54.06640961396959,12.214590545162281,0.0,0.0,0.0,0.0,0.0,0.0,39.41644647068793,0.0,0.42568537462440803,42.88460120102006,17.27326695366761,0.0,0.0,0.0,0.0,0.0,0.0
25,1.0,2.225806451612903,1179.354838709677,pl,2.3780894402232247,2.6291019276573886,2.6995545863883943,-,-,-,-,-,-,-,-,,2675.188106613585,102.9641972046341,1094.78825457476,2.4605587139520695e-6,0.14356269766514745,-832.177273809421,6.646531368924901,3.5929160169474526,-,-,72.13462432799041,34.534125002274976,54.304747905883666,22.847626047058174,20.695252094116345,0.0,0.0,0.0014839614029285159,2.1508899915389,0.0,0.0,0.0,0.0,47.37913794882263,33.829091707738094,16.853812366674354,0.0,0.0,0.0020299855044194526,1.9359279912605116,0.0,0.0,0.0,0.0
25,1.0,2.225806451612903,1179.354838709677,cpx,2.3037518271968582,2.0699324271406265,1.7727283797689897,-,-,-,-,-,-,-,-,,3207.3989720394734,68.36004809028539,1330.3497689101912,4.163478389319706e-6,0.14231766085345787,-811.4834776603892,7.13707118006934,4.156005516074914,-,-,89.51190628888939,55.399419789225,49.16109605183204,1.679165628674157,21.549358077654958,23.1507569803984,3.6456971987427207,0.0052117577375194344,0.29684028492024833,0.3929243755951102,0.0,0.11894964444485595,0.0,52.77517392764683,3.0591555132652415,21.593375398120845,16.67049265563215,4.6804278979494525,0.00877229675652923,0.32874004023544207,0.5608222302914084,0.0,0.32304004010210174,0.0
26,1.0,2.193548387096774,1175.1612903225805,system,100.0,100.0,100.0,12.018909366086474,20.60221590465073,0.003991225229367855,0.42003851762343375,0.2048001175243669,0.14813199303103267,0.11308725196377456,0.10928081997644079,18.693475496516392,2750.2984708290014,0.0036387547987341536,[1459.1634531040227],[7.4530931445861455e-6],[0.158448439687699],[-768.4661527441815],3.159386082773628,0.6314395065151504,6.842788108826237,3.8276138956978523,25.990593615943546,1.0965875936176672,49.04461334637533,9.93278710904741,15.321702654487753,12.188991776802885,8.636450725921875,0.1458440756496021,2.9825228595099063,1.1531825224517824,0.0,0.033709469743538764,0.560195460009926,47.24947384033526,16.239650998293328,13.778145681788187,7.876777317968475,9.950337455918389,0.22030047457530247,2.9642244866417107,1.477106623164948,0.0,0.08215664080897758,0.16182648050542375
26,1.0,2.193548387096774,1175.1612903225805,liq,94.61912159236537,94.76011291802426,95.09925302604861,-,-,-,-,-,-,-,-,,2738.3923486559993,65.00510914756609,1470.9672869784417,7.681128222373503e-6,0.15931533898804737,-765.8859490584861,2.9699499231504833,1.9861516078598076e-9,-,-,24.154270522561074,1.0802405233624072e-17,49.04678070470994,9.90502147802214,15.173853112568942,11.868594983632255,8.927933804001695,0.1539556816542843,3.0907574801252493,1.208819094928833,0.0,0.032440435711236566,0.591843224645429,47.18095306386961,16.170056117330265,13.624800733453535,7.658269309723586,10.270793858075068,0.23220571400931928,3.067204831156078,1.5460575166255404,0.0,0.07894560773450782,0.17071324802249685
26,1.0,2.193548387096774,1175.1612903225805,ol,0.8140187860950233,0.6656787458855752,0.5513216117121115,-,-,-,-,-,-,-,-,,3318.233033982345,46.107513159597424,1503.9121965782413,4.202656989763037e-6,0.14539832037283595,-748.9964767221161,7.379144658759317,4.235607654657528,-,-,101.30990061359017,59.530335689893356,33.33333333333333,0.0,0.38990908541833846,53.460180381126996,12.816577200121323,0.0,0.0,0.0,0.0,0.0,0.0,39.269135688526305,0.0,0.4287597738942276,42.24527477495602,18.05682976262344,0.0,0.0,0.0,0.0,0.0,0.0
26,1.0,2.193548387096774,1175.1612903225805,cpx,2.273790443388541,2.042440926354809,1.7485402470570515,-,-,-,-,-,-,-,-,,3210.118614236514,68.36214785421478,1330.7882413212426,4.159744622763137e-6,0.1422137512460624,-811.4900627159607,7.135460176147684,4.151959337439674,-,-,89.6578750147208,55.338484713713356,49.16791599123522,1.6735482998931521,21.54343277087129,22.97553777767194,3.7978086080694653,0.00550724543518187,0.30971601917017294,0.409756223798902,0.0,0.11677706385468316,0.0,52.73337818340781,3.046084499731574,21.567349674805808,16.528924677547753,4.871174818149412,0.009261028130083431,0.3426802771049111,0.5843021494631135,0.0,0.31684469165953233,0.0
26,1.0,2.193548387096774,1175.1612903225805,pl,2.291327355338733,2.529293649671726,2.599230994518995,-,-,-,-,-,-,-,-,,2674.2474190629737,102.9668870783064,1094.3644933255487,2.462661173787932e-6,0.14340286008470587,-832.4657879432248,6.6406746693976,3.590172470949108,-,-,71.97142060762029,34.469279872506185,54.44512175233904,22.777439123830476,20.554878247660955,0.0,0.0,0.0015765758113389153,2.2209843003581837,0.0,0.0,0.0,0.0,47.5170773057095,33.73615195330608,16.74494542349569,0.0,0.0,0.002157379683886318,1.9996679378048565,0.0,0.0,0.0,0.0
26,1.0,2.193548387096774,1175.1612903225805,spl,0.0017418228123187863,0.0024737600636270517,0.0016541206632231457,-,-,-,-,-,-,-,-,,4109.960007441119,43.142865797014984,867.408195517241,3.1673678175203298e-6,0.15065173753602618,-706.7313051486024,8.166511537552072,4.569782667217979,-,-,159.66383264782957,85.82793984008731,0.0,29.269455163795925,0.0,27.242999133989926,22.807163616497895,0.0,0.0,0.10032550097563227,0.0,20.58005658474063,0.0,0.0,33.694871279691974,0.0,12.395935255336129,18.501945064626092,0.0,0.0,0.09048336218622922,0.0,35.31676503815958,0.0
27,1.0,2.161290322580645,1170.967741935484,system,100.0,100.0,100.0,12.014864757153186,20.649697061232462,0.004367016946102055,0.4175287086554193,0.21375079566136337,0.14682116683139224,0.11152365731936527,0.11375085684785073,20.24516628900432,2751.510668762014,0.003637125235182582,[1456.6470267260265],[7.531558816421902e-6],[0.1584816278967874],[-767.7116669928214],3.147181955278943,0.6221289935416325,6.836867587525712,3.823376842241916,25.833094311945285,1.0649570286764958,49.04635016276895,9.910130557391788,15.201268601259677,11.927959148643877,8.87416554821164,0.15244611022693239,3.0706162355936466,1.1984627300206554,0.0,0.032676113483856524,0.5859247923989748,47.19358848391816,16.182871500082186,13.653192727224326,7.69870311142518,10.211761934055968,0.22999247836390813,3.048059894408735,1.533235873084168,0.0,0.07954113678678336,0.1690528606505601
27,1.0,2.161290322580645,1170.967741935484,liq,94.76210578345378,94.90345566469767,95.23519484315001,-,-,-,-,-,-,-,-,,2739.846906847687,65.0694677578998,1468.0761538079673,7.757417462861774e-6,0.1593308963294194,-765.1720030200006,2.9625564162429123,1.9778141548028442e-9,-,-,24.04692536434326,1.0717592934811878e-17,49.04624400799343,9.884960504821832,15.055220629378969,11.60865692802639,9.161216374115313,0.16068542090232568,3.1788688248169237,1.2546322208245162,0.0,0.03141327898601231,0.618101810134305,47.122892383964796,16.11762422610778,13.501791285932418,7.481407035716757,10.52631044203351,0.2420603397304099,3.1507971220674813,1.6026945269105073,0.0,0.07635272603007581,0.17806991150626034
27,1.0,2.161290322580645,1170.967741935484,ol,0.7969039360304067,0.6533776435680626,0.5395244124214975,-,-,-,-,-,-,-,-,,3329.6218640878087,46.12549649888811,1501.8626073242342,4.1984866216061454e-6,0.14551840302116997,-747.0617387613404,7.362628066011948,4.221573028296928,-,-,101.37384572210917,59.339451497920436,33.33333333333333,0.0,0.3945038925750396,52.83982944935999,13.432333324731637,0.0,0.0,0.0,0.0,0.0,0.0,39.119559454731615,0.0,0.43216001684338223,41.596016266878145,18.852264261546864,0.0,0.0,0.0,0.0,0.0,0.0
27,1.0,2.161290322580645,1170.967741935484,spl,0.0017896493530273018,0.0025470768122505135,0.001698672661865902,-,-,-,-,-,-,-,-,,4122.627440825995,43.16096081447309,862.5621889088236,3.1596871606095393e-6,0.15083253446157163,-704.5433379275311,8.148355583844845,4.553471764501569,-,-,159.75274191518776,85.47899068792245,0.0,29.207385872265125,0.0,26.34645249068715,23.711618119851448,0.0,0.0,0.11614122107720265,0.0,20.618402296119072,0.0,0.0,33.51135628862748,0.0,11.94804040384592,19.17156005992218,0.0,0.0,0.10439842193004983,0.0,35.26464482567436,0.0
27,1.0,2.161290322580645,1170.967741935484,cpx,2.2144518855097592,1.9886049749360768,1.7017567910140665,-,-,-,-,-,-,-,-,,3212.867193850616,68.3644472840187,1327.1511329820435,4.157291754677218e-6,0.1421151289197379,-811.5213571228645,7.133199724857168,4.147869483651673,-,-,89.77643038296631,55.276805781140965,49.17442358865078,1.6684866751124179,21.538668860544924,22.796950997669928,3.9513061834483123,0.005810779459800503,0.3227957753814572,0.42692867237740967,0.0,0.11462846735495992,0.0,52.69028084174454,3.0339881548823313,21.54210685682897,16.384874653637905,5.063242966022237,0.00976217541057559,0.35681304655960844,0.6082115882802633,0.0,0.3107197166335759,0.0
27,1.0,2.161290322580645,1170.967741935484,pl,2.2247487456530357,2.452014639985932,2.521825280752556,-,-,-,-,-,-,-,-,,2673.3129955414256,102.96951936275102,1092.6009071690698,2.4672896747669274e-6,0.14324776992663527,-832.7857329496622,6.634691657352453,3.587451066429106,-,-,71.80356484787663,34.40501736833659,54.584741153324046,22.707629423337973,20.415258846675954,0.0,0.0,0.0016718643411332448,2.2906987123208893,0.0,0.0,0.0,0.0,47.65436373265713,33.643651148700066,16.636592991648243,0.0,0.0,0.0022885132637951834,2.0631036137307603,0.0,0.0,0.0,0.0
28,1.0,2.129032258064516,1166.7741935483868,system,100.0,100.0,100.0,12.010812700623188,20.697468231846425,0.004765243209409815,0.414914836474715,0.22282416646661912,0.1455201095976571,0.10996040960199821,0.11827294143646454,21.923124780532437,2752.685624544561,0.0036355507209150707,[1454.0530964986376],[7.610958960733914e-6],[0.15851337436473897],[-766.9918237844103],3.1352887722902465,0.6132973052191523,6.830861694938052,3.8188249667969747,25.67849457237114,1.0353775112067596,49.04623666945072,9.88971326796918,15.08304077125243,11.669431834503024,9.106826596701003,0.15911023432334825,3.158174375131221,1.243891244078572,0.0,0.03165421455755315,0.6119207920329619,47.13628864383765,16.129960291526775,13.530588340526025,7.522713614236822,10.466792411579213,0.23975561625769717,3.131175776224102,1.5894257260702667,0.0,0.07696022485455767,0.17633935488689637
28,1.0,2.129032258064516,1166.7741935483868,ol,0.7846079793464258,0.6450192156343661,0.5310002754167913,-,-,-,-,-,-,-,-,,3341.2402036797375,46.144109600644185,1491.8793165431505,4.191730988710337e-6,0.14564662659257557,-745.0768666276442,7.345259759373241,4.207231911070245,-,-,101.41256685561353,59.14262577851555,33.33333333333333,0.0,0.3994673861980183,52.20544935965471,14.06174992081394,0.0,0.0,0.0,0.0,0.0,0.0,38.967806078521065,0.0,0.43589974896194544,40.93720337398291,19.659090798534084,0.0,0.0,0.0,0.0,0.0,0.0
28,1.0,2.129032258064516,1166.7741935483868,spl,0.001838124687010253,0.002621299489779807,0.0017437121205184265,-,-,-,-,-,-,-,-,,4134.963198118574,43.17844542526062,860.6867296735851,3.1594888711687357e-6,0.1510074241604906,-702.4352763034841,8.130910218309563,4.537605126139051,-,-,159.851697822775,85.13831451536001,0.0,29.149677906564868,0.0,25.46744395514318,24.5997691504567,0.0,0.0,0.13442621119977122,0.0,20.64868277663547,0.0,0.0,33.337968382904,0.0,11.512402059239852,19.825919905011364,0.0,0.0,0.12044743550026181,0.0,35.20326221734452,0.0
28,1.0,2.129032258064516,1166.7741935483868,liq,94.89518090181768,95.03658083971976,95.36132408789484,-,-,-,-,-,-,-,-,,2741.2479666837157,65.12946607331301,1465.1256963288638,7.834957677745741e-6,0.15934597335182285,-764.493021013697,2.9551271965391783,1.9694144682695373e-9,-,-,23.93870650320537,1.0632186128330288e-17,49.04439861879792,9.866662135251186,14.939525936517681,11.35091248283253,9.388880710084702,0.16747914583845797,3.2664617952968165,1.3006288506148633,0.0,0.030403215085610728,0.6446471096802536,47.064116541032305,16.068326836392558,13.381826498432503,7.3064496283644145,10.774848360807736,0.25198936565795127,3.233700011039341,1.6594417514616364,0.0,0.0738082825980578,0.18549272421351068
28,1.0,2.129032258064516,1166.7741935483868,pl,2.1649432268259132,2.3824420415461156,2.4521840312620204,-,-,-,-,-,-,-,-,,2672.3853127194643,102.97209033751903,1090.1448853041923,2.4720856777594235e-6,0.14309455746389838,-833.1207874403077,6.628806563703978,3.5847534661806235,-,-,71.63898915010935,34.34137365301383,54.72354446821932,22.63822776589034,20.276455531780677,0.0,0.0,0.0017697702364963311,2.360002463873165,0.0,0.0,0.0,0.0,47.79093520144501,33.55163109084366,16.528804029451774,0.0,0.0,0.002423311123684559,2.126206367135865,0.0,0.0,0.0,0.0
28,1.0,2.129032258064516,1166.7741935483868,cpx,2.153429767322962,1.933336603609977,1.6537478933058256,-,-,-,-,-,-,-,-,,3215.643992264513,68.36694303386713,1327.3891015682798,4.1559616950232106e-6,0.14201893420272702,-811.5617124982568,7.131374630081902,4.143742339560061,-,-,89.91702713971918,55.21453858791896,49.18057008761721,1.6640191659668249,21.535123798273816,22.61500197622077,4.106097014631065,0.0061225358792349385,0.3360831835509893,0.44447557922933245,0.0,0.11250665863074512,0.0,52.645825462895125,3.022933600531434,21.517699324458096,16.238358795149733,5.256497178753388,0.010275966945601414,0.3711408954896434,0.6325959654173084,0.0,0.30467281035967003,0.0
29,1.0,2.096774193548387,1162.5806451612902,system,100.0,100.0,100.0,12.006753173044626,20.745532076841982,0.005186500951969632,0.4121956773356383,0.23201998938317192,0.14422947584848006,0.10839744064053912,0.12284755531415145,23.739352368675764,2753.8261418387688,0.0036340272668496402,[1451.592475099683],[7.690179070238791e-6],[0.15854350673217849],[-766.3058131415353],3.1236667631028836,0.6048236394478281,6.824677254204442,3.8141783203279918,25.526715896002365,1.0073816429971703,49.04473376706685,9.871128271405826,14.967580994694032,11.413134253044152,9.334014578988825,0.16583768739887988,3.24522364078755,1.2894980331428176,0.0,0.03064813488759315,0.6382006385834508,47.0781595288042,16.08028690144874,13.41086506268805,7.348642885242107,10.71500599116541,0.24959237095124606,3.2136115071049813,1.6457198638324062,0.0,0.07442455322596765,0.18369133553690822
29,1.0,2.096774193548387,1162.5806451612902,spl,0.0018786711644547195,0.002684140332923382,0.0017810988852337006,-,-,-,-,-,-,-,-,,4146.951962191801,43.1953366927352,860.8019280537196,3.157033269380347e-6,0.15117575831274274,-700.4086967017429,8.114463409693808,4.522203777030213,-,-,159.97868168532244,84.80652368420418,0.0,29.095995700040127,0.0,24.60729043567652,25.47048825678398,0.0,0.0,0.15555738492100146,0.0,20.670668222578364,0.0,0.0,33.17441562140375,0.0,11.089426123133515,20.464647736786127,0.0,0.0,0.13895331766400204,0.0,35.1325572010126,0.0
29,1.0,2.096774193548387,1162.5806451612902,liq,95.0209291301745,95.16226650978085,95.48057717528275,-,-,-,-,-,-,-,-,,2742.5942427394234,65.18519341757852,1462.2568892704794,7.912532070464959e-6,0.1593601145064798,-763.8476260507467,2.947735641222483,1.96095764436897e-9,-,-,23.83080017725437,1.0546248163430685e-17,49.04138877063453,9.850117756185988,14.826764836140093,11.095322520621304,9.610884317390953,0.17433316406710664,3.3535362200849574,1.346785347457866,0.0,0.029410977350882234,0.6714560900663251,47.00476208888978,16.02213637287265,13.264887743105316,7.133360157253553,11.016389865143694,0.2619872100165717,3.3159177378974585,1.716270009814221,0.0,0.07131381111506535,0.19297500389170152
29,1.0,2.096774193548387,1162.5806451612902,ol,0.7741878651381855,0.6382085692643769,0.5237560780631875,-,-,-,-,-,-,-,-,,3353.0912606279544,46.163366568322964,1489.0179470251865,4.184093902795614e-6,0.14578275544049654,-743.0388839601504,7.32814478209365,4.192580671322016,-,-,101.48039842672773,58.939741849548476,33.33333333333333,0.0,0.40481954546157983,51.556786974784664,14.705060146420426,0.0,0.0,0.0,0.0,0.0,0.0,38.8138816293629,0.0,0.4399951462481056,40.26885658184007,20.477266642548926,0.0,0.0,0.0,0.0,0.0,0.0
29,1.0,2.096774193548387,1162.5806451612902,pl,2.1085691826481687,2.316872493670603,2.386516557737636,-,-,-,-,-,-,-,-,,2671.465070362355,102.97459455716242,1091.383535114285,2.476851587407794e-6,0.14294286028004133,-833.4692398666183,6.6229031354431385,3.5820820944260032,-,-,71.47352459871938,34.27840216543727,54.86144121468168,22.569279392659162,20.13855878531832,0.0,0.0,0.0018701855178135192,2.428850421823027,0.0,0.0,0.0,0.0,47.926701135155064,33.46015282192465,16.42165003513166,0.0,0.0,0.002561627594573956,2.188934380194066,0.0,0.0,0.0,0.0
29,1.0,2.096774193548387,1162.5806451612902,cpx,2.0944351508746992,1.879968286951247,1.6073690900311983,-,-,-,-,-,-,-,-,,3218.4497226421445,68.36963578121558,1324.2780145212648,4.150970838916606e-6,0.1419248366723485,-811.6091738204082,7.129170832049323,4.139580954758479,-,-,90.0422549858456,55.1517743937312,49.1863154787514,1.6601765686832062,21.532816350193556,22.429632063700748,4.262203767914268,0.006442582560654876,0.34957848972754213,0.46242099220997507,0.0,0.11041370625864859,0.0,52.59994487252732,3.012972590413342,21.494132182851494,16.08934149305494,5.450948201988883,0.010802442653196723,0.38566244270857425,0.6574862447860014,0.0,0.2987095290162408,0.0
30,1.0,2.064516129032258,1158.3870967741937,system,100.0,100.0,100.0,12.002686150909746,20.793891288212873,0.005631250544800973,0.40937062282071124,0.24133690978892514,0.14294982228359865,0.10683445904639899,0.12747570451508877,25.707297871186075,2754.931072608812,0.003632556309996319,[1449.7058737546433],[7.769811360556741e-6],[0.15857191972710918],[-765.6537778397721],3.1123321182286436,0.5966870679816907,6.818544629932035,3.809479219936129,25.378142030555907,0.9808531437058683,49.0420362895747,9.854287704038256,14.854988024274043,11.158976727075963,9.555665109486968,0.17262485299027572,3.331757205159795,1.3352632446003982,0.0,0.029659313633931955,0.6647415291656618,47.01940830623583,16.033701933292587,13.294103397803672,7.176425145572941,10.956363557063911,0.2594973730935853,3.295366016929439,1.7020945924349735,0.0,0.07193741913770602,0.19110225843534273
30,1.0,2.064516129032258,1158.3870967741937,liq,95.139941188737,95.28115088011279,95.59361740607577,-,-,-,-,-,-,-,-,,2743.8839715225868,65.2367380269702,1460.0304706742002,7.990543612657526e-6,0.15937316383643327,-763.2360274807396,2.9404081774842057,1.952448566818051e-9,-,-,23.72362150434792,1.0459837727271118e-17,49.03736361237341,9.835324513238275,14.71693532151802,10.84185594259476,9.827156562996809,0.18124402574923212,3.440096011482139,1.3930793896445817,0.0,0.028437191485225978,0.6985074289175428,46.94497183932697,15.979035673971218,13.15095924346191,6.962107490531616,11.250885198320919,0.2720486959608903,3.397458662110221,1.7731520104642375,0.0,0.0688705835781159,0.20051060227389528
30,1.0,2.064516129032258,1158.3870967741937,cpx,2.0380988789327183,1.8290622447845006,1.563100751721657,-,-,-,-,-,-,-,-,,3221.2850573167934,68.3725255174941,1324.5077502027052,4.152497287828755e-6,0.14183278225952894,-811.6634000808956,7.1271157892942405,4.1353889504674255,-,-,90.17619361093448,55.08861883758317,49.191615259285484,1.6569934036694156,21.531766879877313,22.24078439971599,4.419643560371959,0.006770996610840703,0.36328211042648423,0.4807920088290717,0.0,0.10835138121345302,0.0,52.55256686927845,3.0041632737640325,21.471411747862643,15.937788982203108,5.646598962656923,0.011341654816472056,0.40037643657032923,0.6829174705660529,0.0,0.2928346022820018,0.0
30,1.0,2.064516129032258,1158.3870967741937,spl,0.0019107498230307267,0.0027347267870189754,0.0018103241248442728,-,-,-,-,-,-,-,-,,4158.5818179923,43.21166381503331,858.0249773053112,3.1538627888177554e-6,0.15133730271099113,-698.4657038124893,8.098101244254098,4.507284221744389,-,-,160.07114307091004,84.48413075716297,0.0,29.045938130180115,0.0,23.76706893541936,26.322914241466243,0.0,0.0,0.17996635377120546,0.0,20.68411233916308,0.0,0.0,33.02032013155573,0.0,10.679396636356712,21.087582079840182,0.0,0.0,0.1602859363364511,0.0,35.052415215910926,0.0
30,1.0,2.064516129032258,1158.3870967741937,pl,2.05494903628182,2.2545442967772567,2.324048660585255,-,-,-,-,-,-,-,-,,2670.5529937160327,102.9770263564634,1090.270687617277,2.4815826589155207e-6,0.14279259591453428,-833.8310145063612,6.617146749608124,3.5794394647273475,-,-,71.31297459322289,34.216158143432025,54.99833765205055,22.500831173974717,20.001662347949434,0.0,0.0,0.001972984543515971,2.497195841481767,0.0,0.0,0.0,0.0,48.06156752880374,33.36927969867949,16.315205216441992,0.0,0.0,0.0027032924410353124,2.2512442636337426,0.0,0.0,0.0,0.0
30,1.0,2.064516129032258,1158.3870967741937,ol,0.7651001462254359,0.632507851538428,0.517422857492471,-,-,-,-,-,-,-,-,,3365.177338420691,46.18327998777046,1483.2096734763088,4.172701435095348e-6,0.14592681650153022,-740.9464713070531,7.310648868331223,4.1776169246281984,-,-,101.54627664810542,58.7307008592853,33.33333333333333,0.0,0.4105816766441824,50.893636111988016,15.36244887803447,0.0,0.0,0.0,0.0,0.0,0.0,38.657805315931796,0.0,0.4444634920874207,39.59105290369948,21.306678288281315,0.0,0.0,0.0,0.0,0.0,0.0
31,1.0,2.032258064516129,1154.1935483870966,system,100.0,100.0,100.0,11.998611610655843,20.842548590065693,0.006099694344454236,0.4064402528161596,0.25077172636527006,0.14168141693536557,0.10527074593903811,0.13215932367634306,27.841938350675157,2755.9981840714468,0.0036311400846716973,[1446.818955592757],[7.849562538843194e-6],[0.1585988114073234],[-765.0360318690178],3.1011546533046923,0.5888076433595875,6.8123656394191405,3.80472805003553,25.23089033625249,0.9554892494892833,49.03829986435673,9.83917307097492,14.745279076515502,10.906918944565234,9.77170706965152,0.17946832237905222,3.4177772406532756,1.3811655374415188,0.0,0.028688518833868623,0.6915223546283674,46.960188234252634,15.990164321469136,13.18030625887836,7.006024180269645,11.190814890146118,0.2694655224726694,3.3764461325641655,1.7585239587336692,0.0,0.06950045401046692,0.19856604720312937
31,1.0,2.032258064516129,1154.1935483870966,pl,2.003422622356515,2.194717429522696,2.2640254158889768,-,-,-,-,-,-,-,-,,2669.649897481569,102.97937942325377,1091.4483253687038,2.4851698539280844e-6,0.1426437694456067,-834.206582857317,6.611408692926125,3.576828406734109,-,-,71.15272723766314,34.15470376765945,55.13412822363275,22.432935888183625,19.86587177636725,0.0,0.0,0.002078004221425168,2.564986107594949,0.0,0.0,0.0,0.0,48.195428506923975,33.279083085032035,16.20955315734504,0.0,0.0,0.0028480836345238124,2.3130871670644106,0.0,0.0,0.0,0.0
31,1.0,2.032258064516129,1154.1935483870966,liq,95.2536758459464,95.3946695670942,95.70179691895636,-,-,-,-,-,-,-,-,,2745.117965130479,65.28423430134808,1456.7660660144263,8.068888625454353e-6,0.15938510308217363,-762.658588908817,2.9330642516109156,1.9438955248208026e-9,-,-,23.615881744892704,1.03730590906986e-17,49.032468363466634,9.822247206387976,14.610045757184317,10.590451767551585,10.037764079718858,0.1882054057365962,3.5261092213801284,1.4394685700427658,0.0,0.027482284653370975,0.7257573438777803,46.88487539218888,15.938952352875518,13.04003227711174,6.792640310756634,11.478439299232706,0.2821643106183476,3.478295041745013,1.8300347152957788,0.0,0.06647937593322453,0.20808692424215494
31,1.0,2.032258064516129,1154.1935483870966,ol,0.7570994983961276,0.6277221386575724,0.5118332730274229,-,-,-,-,-,-,-,-,,3377.5044281194146,46.2038713259419,1473.6731659121908,4.168110547307775e-6,0.14607902738706544,-738.7978748992308,7.292098779319695,4.1623329702080545,-,-,101.57737703615375,58.515317429349224,33.33333333333333,0.0,0.41677818008105905,50.215575534469316,16.0343129521163,0.0,0.0,0.0,0.0,0.0,0.0,38.49954804051721,0.0,0.4493243356040739,38.903659252161624,22.14746837171709,0.0,0.0,0.0,0.0,0.0,0.0
31,1.0,2.032258064516129,1154.1935483870966,cpx,1.9838655476706217,1.7801148543348995,1.520510989984536,-,-,-,-,-,-,-,-,,3224.1516205998014,68.3756150478049,1322.826449978992,4.145608445243451e-6,0.1417428323035774,-811.7242346637842,7.125353507206737,4.131167833420376,-,-,90.32546434735303,55.02513732146228,49.19642973766822,1.654499758851281,21.531971935604563,22.04835735093052,4.578509153864378,0.007107797186716829,0.3771926835634144,0.49961062573176107,0.0,0.10632095659914946,0.0,52.50361067498284,2.996554600319818,21.449514691735335,15.783631965203337,5.843546707244237,0.011893552402267481,0.4152794994587505,0.7089169869865126,0.0,0.2870513216669088,0.0
31,1.0,2.032258064516129,1154.1935483870966,spl,0.001936485630332667,0.002776010390645244,0.001833402142709778,-,-,-,-,-,-,-,-,,4169.849197667025,43.22747976843477,854.8233162909504,3.1513991716560635e-6,0.15149217883607394,-696.6067971987558,8.081850267852262,4.492851962627408,-,-,160.13059923780787,84.17140316773275,0.0,28.998977331772835,0.0,22.947293856621336,27.156779302709555,0.0,0.0,0.2081463186617775,0.0,20.688803190234495,0.0,0.0,32.87510509022156,0.0,10.282321140991751,21.695001068736918,0.0,0.0,0.1848678672379736,0.0,34.9627048328118,0.0
32,1.0,2.0,1150.0,system,100.0,100.0,100.0,11.994529528666224,20.891506739095014,0.0066062981345349145,0.4032873609901696,0.260446166377298,0.14046137807208237,0.10373832777816776,0.1368507191955163,30.15027906542706,2765.496526826153,0.00362073022388055,[1436.2337416209868],[7.757022814259197e-6],[0.15794289860371982],[-766.0081141284737],3.21620881819114,0.7790927382737163,6.8063486950092305,3.7999522930215517,26.368138719534258,1.6786162777885345,49.03829986435673,9.83917307097492,14.745279076515502,10.906918944565234,9.77170706965152,0.17946832237905222,3.4177772406532756,1.3811655374415188,0.0,0.028688518833868623,0.6915223546283674,46.960188234252634,15.990164321469136,13.18030625887836,7.006024180269645,11.190814890146118,0.2694655224726694,3.3764461325641655,1.7585239587336692,0.0,0.06950045401046692,0.19856604720312937
32,1.0,2.0,1150.0,pl,3.510215251017316,3.8441904124228516,3.9783082520878263,-,-,-,-,-,-,-,-,,2668.7647539813247,102.9815845178743,1091.561010123846,2.4858085312396495e-6,0.14243730796628878,-834.2535928877247,6.605991877679821,3.5742793868316807,-,-,71.00292531228787,34.09473241846985,55.2676576679616,22.366171166019193,19.732342332038392,0.0,0.0,0.0021856881440304433,2.631643145836772,0.0,0.0,0.0,0.0,48.32714186269633,33.190332196039016,16.10559502316856,0.0,0.0,0.002996603121080113,2.373934314975008,0.0,0.0,0.0,0.0
32,1.0,2.0,1150.0,liq,91.6715874522271,91.91421948121399,92.43842465644342,-,-,-,-,-,-,-,-,,2746.2116218799824,65.32450500361604,1453.402377075292,8.148569410069523e-6,0.15932841903757378,-761.8162268543563,2.9258049590851254,1.935150346501797e-9,-,-,23.508490526648867,1.0284032130420944e-17,49.02531250539802,9.812540173897311,14.506970647485362,10.34268076314314,10.237083630444795,0.19539209733580223,3.6125161314658114,1.486848217785361,0.0,0.02654613662783349,0.7541096964165649,46.823471986380206,15.904667477658085,12.932963631838913,6.626000817765037,11.692741343634447,0.2925979078308992,3.559382706167038,1.888069652923384,0.0,0.06414010393294312,0.2159643718690521
32,1.0,2.0,1150.0,spl,0.0035295968460725704,0.0050728030738446265,0.0033513634891661937,-,-,-,-,-,-,-,-,,4180.519967015478,43.24224055857115,855.3729202057947,3.1502621393806195e-6,0.15157149314465576,-694.6004298264294,8.067190127326072,4.479198206402369,-,-,160.2334822931771,83.87467748279764,0.0,28.95878138374056,0.0,22.161423892251367,27.958955731910823,0.0,0.0,0.24075924832437554,0.0,20.680079743772872,0.0,0.0,32.74526271676248,0.0,9.90469432236857,22.2785072986781,0.0,0.0,0.21328455391702084,0.0,34.85825110827382,0.0
32,1.0,2.0,1150.0,ol,1.3421643058266723,1.1173964537937886,0.9103833210662755,-,-,-,-,-,-,-,-,,3389.899547113772,46.22477001417761,1473.9131639563066,4.160630951123713e-6,0.14617432195395255,-736.3289949560656,7.2745406126404895,4.146973761722146,-,-,101.65998888389939,58.29742925199666,33.333333333333336,0.0,0.42342149211863883,49.53233212422578,16.710913050322254,0.0,0.0,0.0,0.0,0.0,0.0,38.34143260423786,0.0,0.45461165947590226,38.216726927611845,22.98722880867441,0.0,0.0,0.0,0.0,0.0,0.0
32,1.0,2.0,1150.0,cpx,3.472503394082832,3.119120849495529,2.669532406913317,-,-,-,-,-,-,-,-,,3227.013907280268,68.37881626432406,1323.340885579586,4.143666393419169e-6,0.14159531346333876,-811.4708846815965,7.123663955707567,4.127063425671362,-,-,90.47380364169598,54.96460655834475,49.199956033882366,1.653387001964735,21.535006216877246,21.853644977426647,4.735619394683891,0.007457451294859714,0.3912926584684406,0.5193149941586231,0.0,0.1043212712431802,0.0,52.45252343995171,2.991411051350517,21.430127468778224,15.627901938864907,6.037752561727486,0.012465596821773289,0.43035318292297275,0.7361065229055314,0.0,0.2813582366768882,0.0
